Y,00:00:00:000:0,swarm4,0-0,out,50,01
Y,00:00:00:000:0,swarm4,0-1,out,51,01
Y,00:00:00:000:0,swarm4,0-2,out,52,01
Y,00:00:00:000:0,swarm4,0-3,out,53,01
Y,00:00:00:000:0,swarm4,0-4,out,54,01
Y,00:00:00:000:0,swarm4,0-5,out,55,01
Y,00:00:00:000:0,swarm4,0-6,out,56,01
Y,00:00:00:000:0,swarm4,0-7,out,57,01
Y,00:00:00:000:0,swarm4,0-8,out,58,01
Y,00:00:00:000:0,swarm4,0-9,out,59,01
Y,00:00:00:000:0,swarm4,0-10,out,60,01
Y,00:00:00:000:0,swarm4,0-11,out,61,01
Y,00:00:00:000:0,swarm4,0-12,out,62,01
Y,00:00:00:000:0,swarm4,0-13,out,63,01
Y,00:00:00:000:0,swarm4,0-14,out,64,01
Y,00:00:00:000:0,swarm4,0-15,out,65,01
Y,00:00:00:000:0,swarm4,0-16,out,66,01
Y,00:00:00:000:0,swarm4,0-17,out,67,01
Y,00:00:00:000:0,swarm4,0-18,out,68,01
Y,00:00:00:000:0,swarm4,0-19,out,69,01
Y,00:00:00:000:0,swarm4,0-20,out,70,01
Y,00:00:00:000:0,swarm4,0-21,out,71,01
Y,00:00:00:000:0,swarm4,0-22,out,72,01
Y,00:00:00:000:0,swarm4,0-23,out,73,01
Y,00:00:00:000:0,swarm4,0-24,out,74,01
Y,00:00:00:000:0,swarm4,0-25,out,75,01
Y,00:00:00:000:0,swarm4,0-26,out,76,01
Y,00:00:00:000:0,swarm4,0-27,out,77,01
Y,00:00:00:000:0,swarm4,0-28,out,78,01
Y,00:00:00:000:0,swarm4,0-29,out,50,01
Y,00:00:00:000:0,swarm4,1-0,out,51,01
Y,00:00:00:000:0,swarm4,1-1,out,0,01
Y,00:00:00:000:0,swarm4,1-2,out,0,01
Y,00:00:00:000:0,swarm4,1-3,out,1,01
Y,00:00:00:000:0,swarm4,1-4,out,1,01
Y,00:00:00:000:0,swarm4,1-5,out,0,01
Y,00:00:00:000:0,swarm4,1-6,out,0,01
Y,00:00:00:000:0,swarm4,1-7,out,0,01
Y,00:00:00:000:0,swarm4,1-8,out,0,01
Y,00:00:00:000:0,swarm4,1-9,out,0,01
Y,00:00:00:000:0,swarm4,1-10,out,0,01
Y,00:00:00:000:0,swarm4,1-11,out,0,01
Y,00:00:00:000:0,swarm4,1-12,out,0,01
Y,00:00:00:000:0,swarm4,1-13,out,0,01
Y,00:00:00:000:0,swarm4,1-14,out,0,01
Y,00:00:00:000:0,swarm4,1-15,out,0,01
Y,00:00:00:000:0,swarm4,1-16,out,0,01
Y,00:00:00:000:0,swarm4,1-17,out,0,01
Y,00:00:00:000:0,swarm4,1-18,out,0,01
Y,00:00:00:000:0,swarm4,1-19,out,0,01
Y,00:00:00:000:0,swarm4,1-20,out,0,01
Y,00:00:00:000:0,swarm4,1-21,out,0,01
Y,00:00:00:000:0,swarm4,1-22,out,0,01
Y,00:00:00:000:0,swarm4,1-23,out,0,01
Y,00:00:00:000:0,swarm4,1-24,out,0,01
Y,00:00:00:000:0,swarm4,1-25,out,0,01
Y,00:00:00:000:0,swarm4,1-26,out,0,01
Y,00:00:00:000:0,swarm4,1-27,out,0,01
Y,00:00:00:000:0,swarm4,1-28,out,0,01
Y,00:00:00:000:0,swarm4,1-29,out,51,01
Y,00:00:00:000:0,swarm4,2-0,out,52,01
Y,00:00:00:000:0,swarm4,2-1,out,10,01
Y,00:00:00:000:0,swarm4,2-2,out,0,01
Y,00:00:00:000:0,swarm4,2-3,out,10,01
Y,00:00:00:000:0,swarm4,2-4,out,0,01
Y,00:00:00:000:0,swarm4,2-5,out,0,01
Y,00:00:00:000:0,swarm4,2-6,out,0,01
Y,00:00:00:000:0,swarm4,2-7,out,0,01
Y,00:00:00:000:0,swarm4,2-8,out,0,01
Y,00:00:00:000:0,swarm4,2-9,out,0,01
Y,00:00:00:000:0,swarm4,2-10,out,0,01
Y,00:00:00:000:0,swarm4,2-11,out,0,01
Y,00:00:00:000:0,swarm4,2-12,out,0,01
Y,00:00:00:000:0,swarm4,2-13,out,0,01
Y,00:00:00:000:0,swarm4,2-14,out,0,01
Y,00:00:00:000:0,swarm4,2-15,out,0,01
Y,00:00:00:000:0,swarm4,2-16,out,0,01
Y,00:00:00:000:0,swarm4,2-17,out,0,01
Y,00:00:00:000:0,swarm4,2-18,out,0,01
Y,00:00:00:000:0,swarm4,2-19,out,0,01
Y,00:00:00:000:0,swarm4,2-20,out,0,01
Y,00:00:00:000:0,swarm4,2-21,out,0,01
Y,00:00:00:000:0,swarm4,2-22,out,0,01
Y,00:00:00:000:0,swarm4,2-23,out,0,01
Y,00:00:00:000:0,swarm4,2-24,out,0,01
Y,00:00:00:000:0,swarm4,2-25,out,0,01
Y,00:00:00:000:0,swarm4,2-26,out,0,01
Y,00:00:00:000:0,swarm4,2-27,out,0,01
Y,00:00:00:000:0,swarm4,2-28,out,0,01
Y,00:00:00:000:0,swarm4,2-29,out,52,01
Y,00:00:00:000:0,swarm4,3-0,out,53,01
Y,00:00:00:000:0,swarm4,3-1,out,0,01
Y,00:00:00:000:0,swarm4,3-2,out,10,01
Y,00:00:00:000:0,swarm4,3-3,out,0,01
Y,00:00:00:000:0,swarm4,3-4,out,0,01
Y,00:00:00:000:0,swarm4,3-5,out,0,01
Y,00:00:00:000:0,swarm4,3-6,out,0,01
Y,00:00:00:000:0,swarm4,3-7,out,0,01
Y,00:00:00:000:0,swarm4,3-8,out,0,01
Y,00:00:00:000:0,swarm4,3-9,out,0,01
Y,00:00:00:000:0,swarm4,3-10,out,0,01
Y,00:00:00:000:0,swarm4,3-11,out,0,01
Y,00:00:00:000:0,swarm4,3-12,out,0,01
Y,00:00:00:000:0,swarm4,3-13,out,0,01
Y,00:00:00:000:0,swarm4,3-14,out,0,01
Y,00:00:00:000:0,swarm4,3-15,out,0,01
Y,00:00:00:000:0,swarm4,3-16,out,0,01
Y,00:00:00:000:0,swarm4,3-17,out,0,01
Y,00:00:00:000:0,swarm4,3-18,out,0,01
Y,00:00:00:000:0,swarm4,3-19,out,0,01
Y,00:00:00:000:0,swarm4,3-20,out,0,01
Y,00:00:00:000:0,swarm4,3-21,out,0,01
Y,00:00:00:000:0,swarm4,3-22,out,0,01
Y,00:00:00:000:0,swarm4,3-23,out,0,01
Y,00:00:00:000:0,swarm4,3-24,out,0,01
Y,00:00:00:000:0,swarm4,3-25,out,0,01
Y,00:00:00:000:0,swarm4,3-26,out,0,01
Y,00:00:00:000:0,swarm4,3-27,out,0,01
Y,00:00:00:000:0,swarm4,3-28,out,0,01
Y,00:00:00:000:0,swarm4,3-29,out,53,01
Y,00:00:00:000:0,swarm4,4-0,out,54,01
Y,00:00:00:000:0,swarm4,4-1,out,3,01
Y,00:00:00:000:0,swarm4,4-2,out,10,01
Y,00:00:00:000:0,swarm4,4-3,out,10,01
Y,00:00:00:000:0,swarm4,4-4,out,0,01
Y,00:00:00:000:0,swarm4,4-5,out,0,01
Y,00:00:00:000:0,swarm4,4-6,out,0,01
Y,00:00:00:000:0,swarm4,4-7,out,0,01
Y,00:00:00:000:0,swarm4,4-8,out,0,01
Y,00:00:00:000:0,swarm4,4-9,out,0,01
Y,00:00:00:000:0,swarm4,4-10,out,0,01
Y,00:00:00:000:0,swarm4,4-11,out,0,01
Y,00:00:00:000:0,swarm4,4-12,out,0,01
Y,00:00:00:000:0,swarm4,4-13,out,0,01
Y,00:00:00:000:0,swarm4,4-14,out,0,01
Y,00:00:00:000:0,swarm4,4-15,out,0,01
Y,00:00:00:000:0,swarm4,4-16,out,0,01
Y,00:00:00:000:0,swarm4,4-17,out,0,01
Y,00:00:00:000:0,swarm4,4-18,out,0,01
Y,00:00:00:000:0,swarm4,4-19,out,0,01
Y,00:00:00:000:0,swarm4,4-20,out,0,01
Y,00:00:00:000:0,swarm4,4-21,out,0,01
Y,00:00:00:000:0,swarm4,4-22,out,0,01
Y,00:00:00:000:0,swarm4,4-23,out,0,01
Y,00:00:00:000:0,swarm4,4-24,out,0,01
Y,00:00:00:000:0,swarm4,4-25,out,0,01
Y,00:00:00:000:0,swarm4,4-26,out,0,01
Y,00:00:00:000:0,swarm4,4-27,out,0,01
Y,00:00:00:000:0,swarm4,4-28,out,0,01
Y,00:00:00:000:0,swarm4,4-29,out,54,01
Y,00:00:00:000:0,swarm4,5-0,out,55,01
Y,00:00:00:000:0,swarm4,5-1,out,0,01
Y,00:00:00:000:0,swarm4,5-2,out,0,01
Y,00:00:00:000:0,swarm4,5-3,out,3,01
Y,00:00:00:000:0,swarm4,5-4,out,0,01
Y,00:00:00:000:0,swarm4,5-5,out,0,01
Y,00:00:00:000:0,swarm4,5-6,out,0,01
Y,00:00:00:000:0,swarm4,5-7,out,0,01
Y,00:00:00:000:0,swarm4,5-8,out,0,01
Y,00:00:00:000:0,swarm4,5-9,out,0,01
Y,00:00:00:000:0,swarm4,5-10,out,0,01
Y,00:00:00:000:0,swarm4,5-11,out,0,01
Y,00:00:00:000:0,swarm4,5-12,out,0,01
Y,00:00:00:000:0,swarm4,5-13,out,0,01
Y,00:00:00:000:0,swarm4,5-14,out,0,01
Y,00:00:00:000:0,swarm4,5-15,out,0,01
Y,00:00:00:000:0,swarm4,5-16,out,0,01
Y,00:00:00:000:0,swarm4,5-17,out,0,01
Y,00:00:00:000:0,swarm4,5-18,out,0,01
Y,00:00:00:000:0,swarm4,5-19,out,0,01
Y,00:00:00:000:0,swarm4,5-20,out,0,01
Y,00:00:00:000:0,swarm4,5-21,out,0,01
Y,00:00:00:000:0,swarm4,5-22,out,0,01
Y,00:00:00:000:0,swarm4,5-23,out,0,01
Y,00:00:00:000:0,swarm4,5-24,out,0,01
Y,00:00:00:000:0,swarm4,5-25,out,0,01
Y,00:00:00:000:0,swarm4,5-26,out,0,01
Y,00:00:00:000:0,swarm4,5-27,out,0,01
Y,00:00:00:000:0,swarm4,5-28,out,0,01
Y,00:00:00:000:0,swarm4,5-29,out,55,01
Y,00:00:00:000:0,swarm4,6-0,out,56,01
Y,00:00:00:000:0,swarm4,6-1,out,0,01
Y,00:00:00:000:0,swarm4,6-2,out,0,01
Y,00:00:00:000:0,swarm4,6-3,out,0,01
Y,00:00:00:000:0,swarm4,6-4,out,0,01
Y,00:00:00:000:0,swarm4,6-5,out,0,01
Y,00:00:00:000:0,swarm4,6-6,out,0,01
Y,00:00:00:000:0,swarm4,6-7,out,0,01
Y,00:00:00:000:0,swarm4,6-8,out,0,01
Y,00:00:00:000:0,swarm4,6-9,out,0,01
Y,00:00:00:000:0,swarm4,6-10,out,0,01
Y,00:00:00:000:0,swarm4,6-11,out,0,01
Y,00:00:00:000:0,swarm4,6-12,out,0,01
Y,00:00:00:000:0,swarm4,6-13,out,0,01
Y,00:00:00:000:0,swarm4,6-14,out,0,01
Y,00:00:00:000:0,swarm4,6-15,out,0,01
Y,00:00:00:000:0,swarm4,6-16,out,0,01
Y,00:00:00:000:0,swarm4,6-17,out,0,01
Y,00:00:00:000:0,swarm4,6-18,out,0,01
Y,00:00:00:000:0,swarm4,6-19,out,0,01
Y,00:00:00:000:0,swarm4,6-20,out,0,01
Y,00:00:00:000:0,swarm4,6-21,out,0,01
Y,00:00:00:000:0,swarm4,6-22,out,0,01
Y,00:00:00:000:0,swarm4,6-23,out,0,01
Y,00:00:00:000:0,swarm4,6-24,out,0,01
Y,00:00:00:000:0,swarm4,6-25,out,0,01
Y,00:00:00:000:0,swarm4,6-26,out,0,01
Y,00:00:00:000:0,swarm4,6-27,out,0,01
Y,00:00:00:000:0,swarm4,6-28,out,0,01
Y,00:00:00:000:0,swarm4,6-29,out,56,01
Y,00:00:00:000:0,swarm4,7-0,out,57,01
Y,00:00:00:000:0,swarm4,7-1,out,0,01
Y,00:00:00:000:0,swarm4,7-2,out,0,01
Y,00:00:00:000:0,swarm4,7-3,out,0,01
Y,00:00:00:000:0,swarm4,7-4,out,0,01
Y,00:00:00:000:0,swarm4,7-5,out,0,01
Y,00:00:00:000:0,swarm4,7-6,out,0,01
Y,00:00:00:000:0,swarm4,7-7,out,0,01
Y,00:00:00:000:0,swarm4,7-8,out,0,01
Y,00:00:00:000:0,swarm4,7-9,out,0,01
Y,00:00:00:000:0,swarm4,7-10,out,0,01
Y,00:00:00:000:0,swarm4,7-11,out,0,01
Y,00:00:00:000:0,swarm4,7-12,out,0,01
Y,00:00:00:000:0,swarm4,7-13,out,0,01
Y,00:00:00:000:0,swarm4,7-14,out,0,01
Y,00:00:00:000:0,swarm4,7-15,out,0,01
Y,00:00:00:000:0,swarm4,7-16,out,0,01
Y,00:00:00:000:0,swarm4,7-17,out,0,01
Y,00:00:00:000:0,swarm4,7-18,out,0,01
Y,00:00:00:000:0,swarm4,7-19,out,0,01
Y,00:00:00:000:0,swarm4,7-20,out,0,01
Y,00:00:00:000:0,swarm4,7-21,out,0,01
Y,00:00:00:000:0,swarm4,7-22,out,0,01
Y,00:00:00:000:0,swarm4,7-23,out,0,01
Y,00:00:00:000:0,swarm4,7-24,out,0,01
Y,00:00:00:000:0,swarm4,7-25,out,0,01
Y,00:00:00:000:0,swarm4,7-26,out,0,01
Y,00:00:00:000:0,swarm4,7-27,out,0,01
Y,00:00:00:000:0,swarm4,7-28,out,0,01
Y,00:00:00:000:0,swarm4,7-29,out,57,01
Y,00:00:00:000:0,swarm4,8-0,out,58,01
Y,00:00:00:000:0,swarm4,8-1,out,0,01
Y,00:00:00:000:0,swarm4,8-2,out,0,01
Y,00:00:00:000:0,swarm4,8-3,out,0,01
Y,00:00:00:000:0,swarm4,8-4,out,0,01
Y,00:00:00:000:0,swarm4,8-5,out,0,01
Y,00:00:00:000:0,swarm4,8-6,out,0,01
Y,00:00:00:000:0,swarm4,8-7,out,0,01
Y,00:00:00:000:0,swarm4,8-8,out,0,01
Y,00:00:00:000:0,swarm4,8-9,out,0,01
Y,00:00:00:000:0,swarm4,8-10,out,0,01
Y,00:00:00:000:0,swarm4,8-11,out,0,01
Y,00:00:00:000:0,swarm4,8-12,out,0,01
Y,00:00:00:000:0,swarm4,8-13,out,0,01
Y,00:00:00:000:0,swarm4,8-14,out,0,01
Y,00:00:00:000:0,swarm4,8-15,out,0,01
Y,00:00:00:000:0,swarm4,8-16,out,0,01
Y,00:00:00:000:0,swarm4,8-17,out,0,01
Y,00:00:00:000:0,swarm4,8-18,out,0,01
Y,00:00:00:000:0,swarm4,8-19,out,0,01
Y,00:00:00:000:0,swarm4,8-20,out,0,01
Y,00:00:00:000:0,swarm4,8-21,out,0,01
Y,00:00:00:000:0,swarm4,8-22,out,0,01
Y,00:00:00:000:0,swarm4,8-23,out,0,01
Y,00:00:00:000:0,swarm4,8-24,out,0,01
Y,00:00:00:000:0,swarm4,8-25,out,0,01
Y,00:00:00:000:0,swarm4,8-26,out,0,01
Y,00:00:00:000:0,swarm4,8-27,out,0,01
Y,00:00:00:000:0,swarm4,8-28,out,0,01
Y,00:00:00:000:0,swarm4,8-29,out,58,01
Y,00:00:00:000:0,swarm4,9-0,out,59,01
Y,00:00:00:000:0,swarm4,9-1,out,0,01
Y,00:00:00:000:0,swarm4,9-2,out,0,01
Y,00:00:00:000:0,swarm4,9-3,out,0,01
Y,00:00:00:000:0,swarm4,9-4,out,0,01
Y,00:00:00:000:0,swarm4,9-5,out,0,01
Y,00:00:00:000:0,swarm4,9-6,out,0,01
Y,00:00:00:000:0,swarm4,9-7,out,0,01
Y,00:00:00:000:0,swarm4,9-8,out,0,01
Y,00:00:00:000:0,swarm4,9-9,out,0,01
Y,00:00:00:000:0,swarm4,9-10,out,0,01
Y,00:00:00:000:0,swarm4,9-11,out,0,01
Y,00:00:00:000:0,swarm4,9-12,out,0,01
Y,00:00:00:000:0,swarm4,9-13,out,0,01
Y,00:00:00:000:0,swarm4,9-14,out,0,01
Y,00:00:00:000:0,swarm4,9-15,out,0,01
Y,00:00:00:000:0,swarm4,9-16,out,0,01
Y,00:00:00:000:0,swarm4,9-17,out,0,01
Y,00:00:00:000:0,swarm4,9-18,out,0,01
Y,00:00:00:000:0,swarm4,9-19,out,0,01
Y,00:00:00:000:0,swarm4,9-20,out,0,01
Y,00:00:00:000:0,swarm4,9-21,out,0,01
Y,00:00:00:000:0,swarm4,9-22,out,0,01
Y,00:00:00:000:0,swarm4,9-23,out,0,01
Y,00:00:00:000:0,swarm4,9-24,out,0,01
Y,00:00:00:000:0,swarm4,9-25,out,0,01
Y,00:00:00:000:0,swarm4,9-26,out,0,01
Y,00:00:00:000:0,swarm4,9-27,out,0,01
Y,00:00:00:000:0,swarm4,9-28,out,0,01
Y,00:00:00:000:0,swarm4,9-29,out,59,01
Y,00:00:00:000:0,swarm4,10-0,out,60,01
Y,00:00:00:000:0,swarm4,10-1,out,0,01
Y,00:00:00:000:0,swarm4,10-2,out,0,01
Y,00:00:00:000:0,swarm4,10-3,out,0,01
Y,00:00:00:000:0,swarm4,10-4,out,0,01
Y,00:00:00:000:0,swarm4,10-5,out,0,01
Y,00:00:00:000:0,swarm4,10-6,out,0,01
Y,00:00:00:000:0,swarm4,10-7,out,0,01
Y,00:00:00:000:0,swarm4,10-8,out,0,01
Y,00:00:00:000:0,swarm4,10-9,out,0,01
Y,00:00:00:000:0,swarm4,10-10,out,0,01
Y,00:00:00:000:0,swarm4,10-11,out,0,01
Y,00:00:00:000:0,swarm4,10-12,out,0,01
Y,00:00:00:000:0,swarm4,10-13,out,0,01
Y,00:00:00:000:0,swarm4,10-14,out,0,01
Y,00:00:00:000:0,swarm4,10-15,out,0,01
Y,00:00:00:000:0,swarm4,10-16,out,0,01
Y,00:00:00:000:0,swarm4,10-17,out,0,01
Y,00:00:00:000:0,swarm4,10-18,out,0,01
Y,00:00:00:000:0,swarm4,10-19,out,0,01
Y,00:00:00:000:0,swarm4,10-20,out,0,01
Y,00:00:00:000:0,swarm4,10-21,out,0,01
Y,00:00:00:000:0,swarm4,10-22,out,0,01
Y,00:00:00:000:0,swarm4,10-23,out,0,01
Y,00:00:00:000:0,swarm4,10-24,out,0,01
Y,00:00:00:000:0,swarm4,10-25,out,0,01
Y,00:00:00:000:0,swarm4,10-26,out,0,01
Y,00:00:00:000:0,swarm4,10-27,out,0,01
Y,00:00:00:000:0,swarm4,10-28,out,0,01
Y,00:00:00:000:0,swarm4,10-29,out,60,01
Y,00:00:00:000:0,swarm4,11-0,out,61,01
Y,00:00:00:000:0,swarm4,11-1,out,0,01
Y,00:00:00:000:0,swarm4,11-2,out,0,01
Y,00:00:00:000:0,swarm4,11-3,out,0,01
Y,00:00:00:000:0,swarm4,11-4,out,0,01
Y,00:00:00:000:0,swarm4,11-5,out,0,01
Y,00:00:00:000:0,swarm4,11-6,out,0,01
Y,00:00:00:000:0,swarm4,11-7,out,0,01
Y,00:00:00:000:0,swarm4,11-8,out,0,01
Y,00:00:00:000:0,swarm4,11-9,out,0,01
Y,00:00:00:000:0,swarm4,11-10,out,0,01
Y,00:00:00:000:0,swarm4,11-11,out,0,01
Y,00:00:00:000:0,swarm4,11-12,out,0,01
Y,00:00:00:000:0,swarm4,11-13,out,0,01
Y,00:00:00:000:0,swarm4,11-14,out,0,01
Y,00:00:00:000:0,swarm4,11-15,out,0,01
Y,00:00:00:000:0,swarm4,11-16,out,0,01
Y,00:00:00:000:0,swarm4,11-17,out,0,01
Y,00:00:00:000:0,swarm4,11-18,out,0,01
Y,00:00:00:000:0,swarm4,11-19,out,0,01
Y,00:00:00:000:0,swarm4,11-20,out,0,01
Y,00:00:00:000:0,swarm4,11-21,out,0,01
Y,00:00:00:000:0,swarm4,11-22,out,0,01
Y,00:00:00:000:0,swarm4,11-23,out,0,01
Y,00:00:00:000:0,swarm4,11-24,out,0,01
Y,00:00:00:000:0,swarm4,11-25,out,0,01
Y,00:00:00:000:0,swarm4,11-26,out,0,01
Y,00:00:00:000:0,swarm4,11-27,out,0,01
Y,00:00:00:000:0,swarm4,11-28,out,0,01
Y,00:00:00:000:0,swarm4,11-29,out,61,01
Y,00:00:00:000:0,swarm4,12-0,out,62,01
Y,00:00:00:000:0,swarm4,12-1,out,0,01
Y,00:00:00:000:0,swarm4,12-2,out,0,01
Y,00:00:00:000:0,swarm4,12-3,out,0,01
Y,00:00:00:000:0,swarm4,12-4,out,0,01
Y,00:00:00:000:0,swarm4,12-5,out,0,01
Y,00:00:00:000:0,swarm4,12-6,out,0,01
Y,00:00:00:000:0,swarm4,12-7,out,0,01
Y,00:00:00:000:0,swarm4,12-8,out,0,01
Y,00:00:00:000:0,swarm4,12-9,out,0,01
Y,00:00:00:000:0,swarm4,12-10,out,0,01
Y,00:00:00:000:0,swarm4,12-11,out,0,01
Y,00:00:00:000:0,swarm4,12-12,out,0,01
Y,00:00:00:000:0,swarm4,12-13,out,0,01
Y,00:00:00:000:0,swarm4,12-14,out,0,01
Y,00:00:00:000:0,swarm4,12-15,out,0,01
Y,00:00:00:000:0,swarm4,12-16,out,0,01
Y,00:00:00:000:0,swarm4,12-17,out,0,01
Y,00:00:00:000:0,swarm4,12-18,out,0,01
Y,00:00:00:000:0,swarm4,12-19,out,0,01
Y,00:00:00:000:0,swarm4,12-20,out,0,01
Y,00:00:00:000:0,swarm4,12-21,out,0,01
Y,00:00:00:000:0,swarm4,12-22,out,0,01
Y,00:00:00:000:0,swarm4,12-23,out,0,01
Y,00:00:00:000:0,swarm4,12-24,out,0,01
Y,00:00:00:000:0,swarm4,12-25,out,0,01
Y,00:00:00:000:0,swarm4,12-26,out,0,01
Y,00:00:00:000:0,swarm4,12-27,out,0,01
Y,00:00:00:000:0,swarm4,12-28,out,0,01
Y,00:00:00:000:0,swarm4,12-29,out,62,01
Y,00:00:00:000:0,swarm4,13-0,out,63,01
Y,00:00:00:000:0,swarm4,13-1,out,0,01
Y,00:00:00:000:0,swarm4,13-2,out,0,01
Y,00:00:00:000:0,swarm4,13-3,out,0,01
Y,00:00:00:000:0,swarm4,13-4,out,0,01
Y,00:00:00:000:0,swarm4,13-5,out,0,01
Y,00:00:00:000:0,swarm4,13-6,out,0,01
Y,00:00:00:000:0,swarm4,13-7,out,0,01
Y,00:00:00:000:0,swarm4,13-8,out,0,01
Y,00:00:00:000:0,swarm4,13-9,out,0,01
Y,00:00:00:000:0,swarm4,13-10,out,0,01
Y,00:00:00:000:0,swarm4,13-11,out,0,01
Y,00:00:00:000:0,swarm4,13-12,out,0,01
Y,00:00:00:000:0,swarm4,13-13,out,0,01
Y,00:00:00:000:0,swarm4,13-14,out,0,01
Y,00:00:00:000:0,swarm4,13-15,out,0,01
Y,00:00:00:000:0,swarm4,13-16,out,0,01
Y,00:00:00:000:0,swarm4,13-17,out,0,01
Y,00:00:00:000:0,swarm4,13-18,out,0,01
Y,00:00:00:000:0,swarm4,13-19,out,0,01
Y,00:00:00:000:0,swarm4,13-20,out,0,01
Y,00:00:00:000:0,swarm4,13-21,out,0,01
Y,00:00:00:000:0,swarm4,13-22,out,0,01
Y,00:00:00:000:0,swarm4,13-23,out,0,01
Y,00:00:00:000:0,swarm4,13-24,out,0,01
Y,00:00:00:000:0,swarm4,13-25,out,0,01
Y,00:00:00:000:0,swarm4,13-26,out,0,01
Y,00:00:00:000:0,swarm4,13-27,out,0,01
Y,00:00:00:000:0,swarm4,13-28,out,0,01
Y,00:00:00:000:0,swarm4,13-29,out,63,01
Y,00:00:00:000:0,swarm4,14-0,out,64,01
Y,00:00:00:000:0,swarm4,14-1,out,0,01
Y,00:00:00:000:0,swarm4,14-2,out,0,01
Y,00:00:00:000:0,swarm4,14-3,out,0,01
Y,00:00:00:000:0,swarm4,14-4,out,0,01
Y,00:00:00:000:0,swarm4,14-5,out,0,01
Y,00:00:00:000:0,swarm4,14-6,out,0,01
Y,00:00:00:000:0,swarm4,14-7,out,0,01
Y,00:00:00:000:0,swarm4,14-8,out,0,01
Y,00:00:00:000:0,swarm4,14-9,out,0,01
Y,00:00:00:000:0,swarm4,14-10,out,0,01
Y,00:00:00:000:0,swarm4,14-11,out,0,01
Y,00:00:00:000:0,swarm4,14-12,out,0,01
Y,00:00:00:000:0,swarm4,14-13,out,0,01
Y,00:00:00:000:0,swarm4,14-14,out,0,01
Y,00:00:00:000:0,swarm4,14-15,out,0,01
Y,00:00:00:000:0,swarm4,14-16,out,0,01
Y,00:00:00:000:0,swarm4,14-17,out,0,01
Y,00:00:00:000:0,swarm4,14-18,out,0,01
Y,00:00:00:000:0,swarm4,14-19,out,0,01
Y,00:00:00:000:0,swarm4,14-20,out,0,01
Y,00:00:00:000:0,swarm4,14-21,out,0,01
Y,00:00:00:000:0,swarm4,14-22,out,0,01
Y,00:00:00:000:0,swarm4,14-23,out,0,01
Y,00:00:00:000:0,swarm4,14-24,out,0,01
Y,00:00:00:000:0,swarm4,14-25,out,0,01
Y,00:00:00:000:0,swarm4,14-26,out,0,01
Y,00:00:00:000:0,swarm4,14-27,out,0,01
Y,00:00:00:000:0,swarm4,14-28,out,0,01
Y,00:00:00:000:0,swarm4,14-29,out,64,01
Y,00:00:00:000:0,swarm4,15-0,out,65,01
Y,00:00:00:000:0,swarm4,15-1,out,0,01
Y,00:00:00:000:0,swarm4,15-2,out,0,01
Y,00:00:00:000:0,swarm4,15-3,out,0,01
Y,00:00:00:000:0,swarm4,15-4,out,0,01
Y,00:00:00:000:0,swarm4,15-5,out,0,01
Y,00:00:00:000:0,swarm4,15-6,out,0,01
Y,00:00:00:000:0,swarm4,15-7,out,0,01
Y,00:00:00:000:0,swarm4,15-8,out,0,01
Y,00:00:00:000:0,swarm4,15-9,out,0,01
Y,00:00:00:000:0,swarm4,15-10,out,0,01
Y,00:00:00:000:0,swarm4,15-11,out,0,01
Y,00:00:00:000:0,swarm4,15-12,out,0,01
Y,00:00:00:000:0,swarm4,15-13,out,0,01
Y,00:00:00:000:0,swarm4,15-14,out,0,01
Y,00:00:00:000:0,swarm4,15-15,out,0,01
Y,00:00:00:000:0,swarm4,15-16,out,0,01
Y,00:00:00:000:0,swarm4,15-17,out,0,01
Y,00:00:00:000:0,swarm4,15-18,out,0,01
Y,00:00:00:000:0,swarm4,15-19,out,0,01
Y,00:00:00:000:0,swarm4,15-20,out,0,01
Y,00:00:00:000:0,swarm4,15-21,out,0,01
Y,00:00:00:000:0,swarm4,15-22,out,0,01
Y,00:00:00:000:0,swarm4,15-23,out,0,01
Y,00:00:00:000:0,swarm4,15-24,out,0,01
Y,00:00:00:000:0,swarm4,15-25,out,0,01
Y,00:00:00:000:0,swarm4,15-26,out,0,01
Y,00:00:00:000:0,swarm4,15-27,out,0,01
Y,00:00:00:000:0,swarm4,15-28,out,0,01
Y,00:00:00:000:0,swarm4,15-29,out,65,01
Y,00:00:00:000:0,swarm4,16-0,out,66,01
Y,00:00:00:000:0,swarm4,16-1,out,0,01
Y,00:00:00:000:0,swarm4,16-2,out,0,01
Y,00:00:00:000:0,swarm4,16-3,out,0,01
Y,00:00:00:000:0,swarm4,16-4,out,0,01
Y,00:00:00:000:0,swarm4,16-5,out,0,01
Y,00:00:00:000:0,swarm4,16-6,out,0,01
Y,00:00:00:000:0,swarm4,16-7,out,0,01
Y,00:00:00:000:0,swarm4,16-8,out,0,01
Y,00:00:00:000:0,swarm4,16-9,out,0,01
Y,00:00:00:000:0,swarm4,16-10,out,0,01
Y,00:00:00:000:0,swarm4,16-11,out,0,01
Y,00:00:00:000:0,swarm4,16-12,out,0,01
Y,00:00:00:000:0,swarm4,16-13,out,0,01
Y,00:00:00:000:0,swarm4,16-14,out,0,01
Y,00:00:00:000:0,swarm4,16-15,out,0,01
Y,00:00:00:000:0,swarm4,16-16,out,0,01
Y,00:00:00:000:0,swarm4,16-17,out,0,01
Y,00:00:00:000:0,swarm4,16-18,out,0,01
Y,00:00:00:000:0,swarm4,16-19,out,0,01
Y,00:00:00:000:0,swarm4,16-20,out,0,01
Y,00:00:00:000:0,swarm4,16-21,out,0,01
Y,00:00:00:000:0,swarm4,16-22,out,0,01
Y,00:00:00:000:0,swarm4,16-23,out,0,01
Y,00:00:00:000:0,swarm4,16-24,out,0,01
Y,00:00:00:000:0,swarm4,16-25,out,0,01
Y,00:00:00:000:0,swarm4,16-26,out,0,01
Y,00:00:00:000:0,swarm4,16-27,out,0,01
Y,00:00:00:000:0,swarm4,16-28,out,0,01
Y,00:00:00:000:0,swarm4,16-29,out,66,01
Y,00:00:00:000:0,swarm4,17-0,out,67,01
Y,00:00:00:000:0,swarm4,17-1,out,0,01
Y,00:00:00:000:0,swarm4,17-2,out,0,01
Y,00:00:00:000:0,swarm4,17-3,out,0,01
Y,00:00:00:000:0,swarm4,17-4,out,0,01
Y,00:00:00:000:0,swarm4,17-5,out,0,01
Y,00:00:00:000:0,swarm4,17-6,out,0,01
Y,00:00:00:000:0,swarm4,17-7,out,0,01
Y,00:00:00:000:0,swarm4,17-8,out,0,01
Y,00:00:00:000:0,swarm4,17-9,out,0,01
Y,00:00:00:000:0,swarm4,17-10,out,0,01
Y,00:00:00:000:0,swarm4,17-11,out,0,01
Y,00:00:00:000:0,swarm4,17-12,out,0,01
Y,00:00:00:000:0,swarm4,17-13,out,0,01
Y,00:00:00:000:0,swarm4,17-14,out,0,01
Y,00:00:00:000:0,swarm4,17-15,out,0,01
Y,00:00:00:000:0,swarm4,17-16,out,0,01
Y,00:00:00:000:0,swarm4,17-17,out,0,01
Y,00:00:00:000:0,swarm4,17-18,out,0,01
Y,00:00:00:000:0,swarm4,17-19,out,0,01
Y,00:00:00:000:0,swarm4,17-20,out,0,01
Y,00:00:00:000:0,swarm4,17-21,out,0,01
Y,00:00:00:000:0,swarm4,17-22,out,0,01
Y,00:00:00:000:0,swarm4,17-23,out,0,01
Y,00:00:00:000:0,swarm4,17-24,out,0,01
Y,00:00:00:000:0,swarm4,17-25,out,0,01
Y,00:00:00:000:0,swarm4,17-26,out,0,01
Y,00:00:00:000:0,swarm4,17-27,out,0,01
Y,00:00:00:000:0,swarm4,17-28,out,0,01
Y,00:00:00:000:0,swarm4,17-29,out,67,01
Y,00:00:00:000:0,swarm4,18-0,out,68,01
Y,00:00:00:000:0,swarm4,18-1,out,0,01
Y,00:00:00:000:0,swarm4,18-2,out,0,01
Y,00:00:00:000:0,swarm4,18-3,out,0,01
Y,00:00:00:000:0,swarm4,18-4,out,0,01
Y,00:00:00:000:0,swarm4,18-5,out,0,01
Y,00:00:00:000:0,swarm4,18-6,out,0,01
Y,00:00:00:000:0,swarm4,18-7,out,0,01
Y,00:00:00:000:0,swarm4,18-8,out,0,01
Y,00:00:00:000:0,swarm4,18-9,out,0,01
Y,00:00:00:000:0,swarm4,18-10,out,0,01
Y,00:00:00:000:0,swarm4,18-11,out,0,01
Y,00:00:00:000:0,swarm4,18-12,out,0,01
Y,00:00:00:000:0,swarm4,18-13,out,0,01
Y,00:00:00:000:0,swarm4,18-14,out,0,01
Y,00:00:00:000:0,swarm4,18-15,out,0,01
Y,00:00:00:000:0,swarm4,18-16,out,0,01
Y,00:00:00:000:0,swarm4,18-17,out,0,01
Y,00:00:00:000:0,swarm4,18-18,out,0,01
Y,00:00:00:000:0,swarm4,18-19,out,0,01
Y,00:00:00:000:0,swarm4,18-20,out,0,01
Y,00:00:00:000:0,swarm4,18-21,out,0,01
Y,00:00:00:000:0,swarm4,18-22,out,0,01
Y,00:00:00:000:0,swarm4,18-23,out,0,01
Y,00:00:00:000:0,swarm4,18-24,out,0,01
Y,00:00:00:000:0,swarm4,18-25,out,0,01
Y,00:00:00:000:0,swarm4,18-26,out,0,01
Y,00:00:00:000:0,swarm4,18-27,out,0,01
Y,00:00:00:000:0,swarm4,18-28,out,0,01
Y,00:00:00:000:0,swarm4,18-29,out,68,01
Y,00:00:00:000:0,swarm4,19-0,out,69,01
Y,00:00:00:000:0,swarm4,19-1,out,0,01
Y,00:00:00:000:0,swarm4,19-2,out,0,01
Y,00:00:00:000:0,swarm4,19-3,out,0,01
Y,00:00:00:000:0,swarm4,19-4,out,0,01
Y,00:00:00:000:0,swarm4,19-5,out,0,01
Y,00:00:00:000:0,swarm4,19-6,out,0,01
Y,00:00:00:000:0,swarm4,19-7,out,0,01
Y,00:00:00:000:0,swarm4,19-8,out,0,01
Y,00:00:00:000:0,swarm4,19-9,out,0,01
Y,00:00:00:000:0,swarm4,19-10,out,0,01
Y,00:00:00:000:0,swarm4,19-11,out,0,01
Y,00:00:00:000:0,swarm4,19-12,out,0,01
Y,00:00:00:000:0,swarm4,19-13,out,0,01
Y,00:00:00:000:0,swarm4,19-14,out,0,01
Y,00:00:00:000:0,swarm4,19-15,out,0,01
Y,00:00:00:000:0,swarm4,19-16,out,0,01
Y,00:00:00:000:0,swarm4,19-17,out,0,01
Y,00:00:00:000:0,swarm4,19-18,out,0,01
Y,00:00:00:000:0,swarm4,19-19,out,0,01
Y,00:00:00:000:0,swarm4,19-20,out,0,01
Y,00:00:00:000:0,swarm4,19-21,out,0,01
Y,00:00:00:000:0,swarm4,19-22,out,0,01
Y,00:00:00:000:0,swarm4,19-23,out,0,01
Y,00:00:00:000:0,swarm4,19-24,out,0,01
Y,00:00:00:000:0,swarm4,19-25,out,0,01
Y,00:00:00:000:0,swarm4,19-26,out,0,01
Y,00:00:00:000:0,swarm4,19-27,out,0,01
Y,00:00:00:000:0,swarm4,19-28,out,0,01
Y,00:00:00:000:0,swarm4,19-29,out,69,01
Y,00:00:00:000:0,swarm4,20-0,out,70,01
Y,00:00:00:000:0,swarm4,20-1,out,0,01
Y,00:00:00:000:0,swarm4,20-2,out,0,01
Y,00:00:00:000:0,swarm4,20-3,out,0,01
Y,00:00:00:000:0,swarm4,20-4,out,0,01
Y,00:00:00:000:0,swarm4,20-5,out,0,01
Y,00:00:00:000:0,swarm4,20-6,out,0,01
Y,00:00:00:000:0,swarm4,20-7,out,0,01
Y,00:00:00:000:0,swarm4,20-8,out,0,01
Y,00:00:00:000:0,swarm4,20-9,out,0,01
Y,00:00:00:000:0,swarm4,20-10,out,0,01
Y,00:00:00:000:0,swarm4,20-11,out,0,01
Y,00:00:00:000:0,swarm4,20-12,out,0,01
Y,00:00:00:000:0,swarm4,20-13,out,0,01
Y,00:00:00:000:0,swarm4,20-14,out,0,01
Y,00:00:00:000:0,swarm4,20-15,out,0,01
Y,00:00:00:000:0,swarm4,20-16,out,0,01
Y,00:00:00:000:0,swarm4,20-17,out,0,01
Y,00:00:00:000:0,swarm4,20-18,out,0,01
Y,00:00:00:000:0,swarm4,20-19,out,0,01
Y,00:00:00:000:0,swarm4,20-20,out,0,01
Y,00:00:00:000:0,swarm4,20-21,out,0,01
Y,00:00:00:000:0,swarm4,20-22,out,0,01
Y,00:00:00:000:0,swarm4,20-23,out,0,01
Y,00:00:00:000:0,swarm4,20-24,out,0,01
Y,00:00:00:000:0,swarm4,20-25,out,0,01
Y,00:00:00:000:0,swarm4,20-26,out,0,01
Y,00:00:00:000:0,swarm4,20-27,out,0,01
Y,00:00:00:000:0,swarm4,20-28,out,0,01
Y,00:00:00:000:0,swarm4,20-29,out,70,01
Y,00:00:00:000:0,swarm4,21-0,out,71,01
Y,00:00:00:000:0,swarm4,21-1,out,0,01
Y,00:00:00:000:0,swarm4,21-2,out,0,01
Y,00:00:00:000:0,swarm4,21-3,out,0,01
Y,00:00:00:000:0,swarm4,21-4,out,0,01
Y,00:00:00:000:0,swarm4,21-5,out,0,01
Y,00:00:00:000:0,swarm4,21-6,out,0,01
Y,00:00:00:000:0,swarm4,21-7,out,0,01
Y,00:00:00:000:0,swarm4,21-8,out,0,01
Y,00:00:00:000:0,swarm4,21-9,out,0,01
Y,00:00:00:000:0,swarm4,21-10,out,0,01
Y,00:00:00:000:0,swarm4,21-11,out,0,01
Y,00:00:00:000:0,swarm4,21-12,out,0,01
Y,00:00:00:000:0,swarm4,21-13,out,0,01
Y,00:00:00:000:0,swarm4,21-14,out,0,01
Y,00:00:00:000:0,swarm4,21-15,out,0,01
Y,00:00:00:000:0,swarm4,21-16,out,0,01
Y,00:00:00:000:0,swarm4,21-17,out,0,01
Y,00:00:00:000:0,swarm4,21-18,out,0,01
Y,00:00:00:000:0,swarm4,21-19,out,0,01
Y,00:00:00:000:0,swarm4,21-20,out,0,01
Y,00:00:00:000:0,swarm4,21-21,out,0,01
Y,00:00:00:000:0,swarm4,21-22,out,0,01
Y,00:00:00:000:0,swarm4,21-23,out,0,01
Y,00:00:00:000:0,swarm4,21-24,out,0,01
Y,00:00:00:000:0,swarm4,21-25,out,0,01
Y,00:00:00:000:0,swarm4,21-26,out,0,01
Y,00:00:00:000:0,swarm4,21-27,out,0,01
Y,00:00:00:000:0,swarm4,21-28,out,0,01
Y,00:00:00:000:0,swarm4,21-29,out,71,01
Y,00:00:00:000:0,swarm4,22-0,out,72,01
Y,00:00:00:000:0,swarm4,22-1,out,0,01
Y,00:00:00:000:0,swarm4,22-2,out,0,01
Y,00:00:00:000:0,swarm4,22-3,out,0,01
Y,00:00:00:000:0,swarm4,22-4,out,0,01
Y,00:00:00:000:0,swarm4,22-5,out,0,01
Y,00:00:00:000:0,swarm4,22-6,out,0,01
Y,00:00:00:000:0,swarm4,22-7,out,0,01
Y,00:00:00:000:0,swarm4,22-8,out,0,01
Y,00:00:00:000:0,swarm4,22-9,out,0,01
Y,00:00:00:000:0,swarm4,22-10,out,0,01
Y,00:00:00:000:0,swarm4,22-11,out,0,01
Y,00:00:00:000:0,swarm4,22-12,out,0,01
Y,00:00:00:000:0,swarm4,22-13,out,0,01
Y,00:00:00:000:0,swarm4,22-14,out,0,01
Y,00:00:00:000:0,swarm4,22-15,out,0,01
Y,00:00:00:000:0,swarm4,22-16,out,0,01
Y,00:00:00:000:0,swarm4,22-17,out,0,01
Y,00:00:00:000:0,swarm4,22-18,out,0,01
Y,00:00:00:000:0,swarm4,22-19,out,0,01
Y,00:00:00:000:0,swarm4,22-20,out,0,01
Y,00:00:00:000:0,swarm4,22-21,out,0,01
Y,00:00:00:000:0,swarm4,22-22,out,0,01
Y,00:00:00:000:0,swarm4,22-23,out,0,01
Y,00:00:00:000:0,swarm4,22-24,out,0,01
Y,00:00:00:000:0,swarm4,22-25,out,0,01
Y,00:00:00:000:0,swarm4,22-26,out,0,01
Y,00:00:00:000:0,swarm4,22-27,out,0,01
Y,00:00:00:000:0,swarm4,22-28,out,0,01
Y,00:00:00:000:0,swarm4,22-29,out,72,01
Y,00:00:00:000:0,swarm4,23-0,out,73,01
Y,00:00:00:000:0,swarm4,23-1,out,0,01
Y,00:00:00:000:0,swarm4,23-2,out,0,01
Y,00:00:00:000:0,swarm4,23-3,out,0,01
Y,00:00:00:000:0,swarm4,23-4,out,0,01
Y,00:00:00:000:0,swarm4,23-5,out,0,01
Y,00:00:00:000:0,swarm4,23-6,out,0,01
Y,00:00:00:000:0,swarm4,23-7,out,0,01
Y,00:00:00:000:0,swarm4,23-8,out,0,01
Y,00:00:00:000:0,swarm4,23-9,out,0,01
Y,00:00:00:000:0,swarm4,23-10,out,0,01
Y,00:00:00:000:0,swarm4,23-11,out,0,01
Y,00:00:00:000:0,swarm4,23-12,out,0,01
Y,00:00:00:000:0,swarm4,23-13,out,0,01
Y,00:00:00:000:0,swarm4,23-14,out,0,01
Y,00:00:00:000:0,swarm4,23-15,out,0,01
Y,00:00:00:000:0,swarm4,23-16,out,0,01
Y,00:00:00:000:0,swarm4,23-17,out,0,01
Y,00:00:00:000:0,swarm4,23-18,out,0,01
Y,00:00:00:000:0,swarm4,23-19,out,0,01
Y,00:00:00:000:0,swarm4,23-20,out,0,01
Y,00:00:00:000:0,swarm4,23-21,out,0,01
Y,00:00:00:000:0,swarm4,23-22,out,0,01
Y,00:00:00:000:0,swarm4,23-23,out,0,01
Y,00:00:00:000:0,swarm4,23-24,out,0,01
Y,00:00:00:000:0,swarm4,23-25,out,0,01
Y,00:00:00:000:0,swarm4,23-26,out,0,01
Y,00:00:00:000:0,swarm4,23-27,out,0,01
Y,00:00:00:000:0,swarm4,23-28,out,0,01
Y,00:00:00:000:0,swarm4,23-29,out,73,01
Y,00:00:00:000:0,swarm4,24-0,out,74,01
Y,00:00:00:000:0,swarm4,24-1,out,0,01
Y,00:00:00:000:0,swarm4,24-2,out,0,01
Y,00:00:00:000:0,swarm4,24-3,out,0,01
Y,00:00:00:000:0,swarm4,24-4,out,0,01
Y,00:00:00:000:0,swarm4,24-5,out,0,01
Y,00:00:00:000:0,swarm4,24-6,out,0,01
Y,00:00:00:000:0,swarm4,24-7,out,0,01
Y,00:00:00:000:0,swarm4,24-8,out,0,01
Y,00:00:00:000:0,swarm4,24-9,out,0,01
Y,00:00:00:000:0,swarm4,24-10,out,0,01
Y,00:00:00:000:0,swarm4,24-11,out,0,01
Y,00:00:00:000:0,swarm4,24-12,out,0,01
Y,00:00:00:000:0,swarm4,24-13,out,0,01
Y,00:00:00:000:0,swarm4,24-14,out,0,01
Y,00:00:00:000:0,swarm4,24-15,out,0,01
Y,00:00:00:000:0,swarm4,24-16,out,0,01
Y,00:00:00:000:0,swarm4,24-17,out,0,01
Y,00:00:00:000:0,swarm4,24-18,out,0,01
Y,00:00:00:000:0,swarm4,24-19,out,0,01
Y,00:00:00:000:0,swarm4,24-20,out,0,01
Y,00:00:00:000:0,swarm4,24-21,out,0,01
Y,00:00:00:000:0,swarm4,24-22,out,0,01
Y,00:00:00:000:0,swarm4,24-23,out,0,01
Y,00:00:00:000:0,swarm4,24-24,out,0,01
Y,00:00:00:000:0,swarm4,24-25,out,0,01
Y,00:00:00:000:0,swarm4,24-26,out,0,01
Y,00:00:00:000:0,swarm4,24-27,out,0,01
Y,00:00:00:000:0,swarm4,24-28,out,0,01
Y,00:00:00:000:0,swarm4,24-29,out,74,01
Y,00:00:00:000:0,swarm4,25-0,out,75,01
Y,00:00:00:000:0,swarm4,25-1,out,0,01
Y,00:00:00:000:0,swarm4,25-2,out,0,01
Y,00:00:00:000:0,swarm4,25-3,out,0,01
Y,00:00:00:000:0,swarm4,25-4,out,0,01
Y,00:00:00:000:0,swarm4,25-5,out,0,01
Y,00:00:00:000:0,swarm4,25-6,out,0,01
Y,00:00:00:000:0,swarm4,25-7,out,0,01
Y,00:00:00:000:0,swarm4,25-8,out,0,01
Y,00:00:00:000:0,swarm4,25-9,out,0,01
Y,00:00:00:000:0,swarm4,25-10,out,0,01
Y,00:00:00:000:0,swarm4,25-11,out,0,01
Y,00:00:00:000:0,swarm4,25-12,out,0,01
Y,00:00:00:000:0,swarm4,25-13,out,0,01
Y,00:00:00:000:0,swarm4,25-14,out,0,01
Y,00:00:00:000:0,swarm4,25-15,out,0,01
Y,00:00:00:000:0,swarm4,25-16,out,0,01
Y,00:00:00:000:0,swarm4,25-17,out,0,01
Y,00:00:00:000:0,swarm4,25-18,out,0,01
Y,00:00:00:000:0,swarm4,25-19,out,0,01
Y,00:00:00:000:0,swarm4,25-20,out,0,01
Y,00:00:00:000:0,swarm4,25-21,out,0,01
Y,00:00:00:000:0,swarm4,25-22,out,0,01
Y,00:00:00:000:0,swarm4,25-23,out,0,01
Y,00:00:00:000:0,swarm4,25-24,out,0,01
Y,00:00:00:000:0,swarm4,25-25,out,0,01
Y,00:00:00:000:0,swarm4,25-26,out,0,01
Y,00:00:00:000:0,swarm4,25-27,out,0,01
Y,00:00:00:000:0,swarm4,25-28,out,0,01
Y,00:00:00:000:0,swarm4,25-29,out,75,01
Y,00:00:00:000:0,swarm4,26-0,out,76,01
Y,00:00:00:000:0,swarm4,26-1,out,0,01
Y,00:00:00:000:0,swarm4,26-2,out,0,01
Y,00:00:00:000:0,swarm4,26-3,out,0,01
Y,00:00:00:000:0,swarm4,26-4,out,0,01
Y,00:00:00:000:0,swarm4,26-5,out,0,01
Y,00:00:00:000:0,swarm4,26-6,out,0,01
Y,00:00:00:000:0,swarm4,26-7,out,0,01
Y,00:00:00:000:0,swarm4,26-8,out,0,01
Y,00:00:00:000:0,swarm4,26-9,out,0,01
Y,00:00:00:000:0,swarm4,26-10,out,0,01
Y,00:00:00:000:0,swarm4,26-11,out,0,01
Y,00:00:00:000:0,swarm4,26-12,out,0,01
Y,00:00:00:000:0,swarm4,26-13,out,0,01
Y,00:00:00:000:0,swarm4,26-14,out,0,01
Y,00:00:00:000:0,swarm4,26-15,out,0,01
Y,00:00:00:000:0,swarm4,26-16,out,0,01
Y,00:00:00:000:0,swarm4,26-17,out,0,01
Y,00:00:00:000:0,swarm4,26-18,out,0,01
Y,00:00:00:000:0,swarm4,26-19,out,0,01
Y,00:00:00:000:0,swarm4,26-20,out,0,01
Y,00:00:00:000:0,swarm4,26-21,out,0,01
Y,00:00:00:000:0,swarm4,26-22,out,0,01
Y,00:00:00:000:0,swarm4,26-23,out,0,01
Y,00:00:00:000:0,swarm4,26-24,out,0,01
Y,00:00:00:000:0,swarm4,26-25,out,0,01
Y,00:00:00:000:0,swarm4,26-26,out,0,01
Y,00:00:00:000:0,swarm4,26-27,out,0,01
Y,00:00:00:000:0,swarm4,26-28,out,0,01
Y,00:00:00:000:0,swarm4,26-29,out,76,01
Y,00:00:00:000:0,swarm4,27-0,out,77,01
Y,00:00:00:000:0,swarm4,27-1,out,0,01
Y,00:00:00:000:0,swarm4,27-2,out,0,01
Y,00:00:00:000:0,swarm4,27-3,out,0,01
Y,00:00:00:000:0,swarm4,27-4,out,0,01
Y,00:00:00:000:0,swarm4,27-5,out,0,01
Y,00:00:00:000:0,swarm4,27-6,out,0,01
Y,00:00:00:000:0,swarm4,27-7,out,0,01
Y,00:00:00:000:0,swarm4,27-8,out,0,01
Y,00:00:00:000:0,swarm4,27-9,out,0,01
Y,00:00:00:000:0,swarm4,27-10,out,0,01
Y,00:00:00:000:0,swarm4,27-11,out,0,01
Y,00:00:00:000:0,swarm4,27-12,out,0,01
Y,00:00:00:000:0,swarm4,27-13,out,0,01
Y,00:00:00:000:0,swarm4,27-14,out,0,01
Y,00:00:00:000:0,swarm4,27-15,out,0,01
Y,00:00:00:000:0,swarm4,27-16,out,0,01
Y,00:00:00:000:0,swarm4,27-17,out,0,01
Y,00:00:00:000:0,swarm4,27-18,out,0,01
Y,00:00:00:000:0,swarm4,27-19,out,0,01
Y,00:00:00:000:0,swarm4,27-20,out,0,01
Y,00:00:00:000:0,swarm4,27-21,out,0,01
Y,00:00:00:000:0,swarm4,27-22,out,0,01
Y,00:00:00:000:0,swarm4,27-23,out,0,01
Y,00:00:00:000:0,swarm4,27-24,out,0,01
Y,00:00:00:000:0,swarm4,27-25,out,0,01
Y,00:00:00:000:0,swarm4,27-26,out,0,01
Y,00:00:00:000:0,swarm4,27-27,out,0,01
Y,00:00:00:000:0,swarm4,27-28,out,0,01
Y,00:00:00:000:0,swarm4,27-29,out,77,01
Y,00:00:00:000:0,swarm4,28-0,out,78,01
Y,00:00:00:000:0,swarm4,28-1,out,0,01
Y,00:00:00:000:0,swarm4,28-2,out,0,01
Y,00:00:00:000:0,swarm4,28-3,out,0,01
Y,00:00:00:000:0,swarm4,28-4,out,0,01
Y,00:00:00:000:0,swarm4,28-5,out,0,01
Y,00:00:00:000:0,swarm4,28-6,out,0,01
Y,00:00:00:000:0,swarm4,28-7,out,0,01
Y,00:00:00:000:0,swarm4,28-8,out,0,01
Y,00:00:00:000:0,swarm4,28-9,out,0,01
Y,00:00:00:000:0,swarm4,28-10,out,0,01
Y,00:00:00:000:0,swarm4,28-11,out,0,01
Y,00:00:00:000:0,swarm4,28-12,out,0,01
Y,00:00:00:000:0,swarm4,28-13,out,0,01
Y,00:00:00:000:0,swarm4,28-14,out,0,01
Y,00:00:00:000:0,swarm4,28-15,out,0,01
Y,00:00:00:000:0,swarm4,28-16,out,0,01
Y,00:00:00:000:0,swarm4,28-17,out,0,01
Y,00:00:00:000:0,swarm4,28-18,out,0,01
Y,00:00:00:000:0,swarm4,28-19,out,0,01
Y,00:00:00:000:0,swarm4,28-20,out,0,01
Y,00:00:00:000:0,swarm4,28-21,out,0,01
Y,00:00:00:000:0,swarm4,28-22,out,0,01
Y,00:00:00:000:0,swarm4,28-23,out,0,01
Y,00:00:00:000:0,swarm4,28-24,out,0,01
Y,00:00:00:000:0,swarm4,28-25,out,0,01
Y,00:00:00:000:0,swarm4,28-26,out,0,01
Y,00:00:00:000:0,swarm4,28-27,out,0,01
Y,00:00:00:000:0,swarm4,28-28,out,0,01
Y,00:00:00:000:0,swarm4,28-29,out,78,01
Y,00:00:00:000:0,swarm4,29-0,out,79,01
Y,00:00:00:000:0,swarm4,29-1,out,51,01
Y,00:00:00:000:0,swarm4,29-2,out,52,01
Y,00:00:00:000:0,swarm4,29-3,out,53,01
Y,00:00:00:000:0,swarm4,29-4,out,54,01
Y,00:00:00:000:0,swarm4,29-5,out,55,01
Y,00:00:00:000:0,swarm4,29-6,out,56,01
Y,00:00:00:000:0,swarm4,29-7,out,57,01
Y,00:00:00:000:0,swarm4,29-8,out,58,01
Y,00:00:00:000:0,swarm4,29-9,out,59,01
Y,00:00:00:000:0,swarm4,29-10,out,60,01
Y,00:00:00:000:0,swarm4,29-11,out,61,01
Y,00:00:00:000:0,swarm4,29-12,out,62,01
Y,00:00:00:000:0,swarm4,29-13,out,63,01
Y,00:00:00:000:0,swarm4,29-14,out,64,01
Y,00:00:00:000:0,swarm4,29-15,out,65,01
Y,00:00:00:000:0,swarm4,29-16,out,66,01
Y,00:00:00:000:0,swarm4,29-17,out,67,01
Y,00:00:00:000:0,swarm4,29-18,out,68,01
Y,00:00:00:000:0,swarm4,29-19,out,69,01
Y,00:00:00:000:0,swarm4,29-20,out,70,01
Y,00:00:00:000:0,swarm4,29-21,out,71,01
Y,00:00:00:000:0,swarm4,29-22,out,72,01
Y,00:00:00:000:0,swarm4,29-23,out,73,01
Y,00:00:00:000:0,swarm4,29-24,out,74,01
Y,00:00:00:000:0,swarm4,29-25,out,75,01
Y,00:00:00:000:0,swarm4,29-26,out,76,01
Y,00:00:00:000:0,swarm4,29-27,out,77,01
Y,00:00:00:000:0,swarm4,29-28,out,78,01
Y,00:00:00:000:0,swarm4,29-29,out,79,01
Y,00:00:00:100:0,swarm4,1-3,out,2,01
Y,00:00:00:100:0,swarm4,1-4,out,0,01
Y,00:00:00:100:0,swarm4,1-5,out,1,01
Y,00:00:00:100:0,swarm4,3-1,out,3,01
Y,00:00:00:100:0,swarm4,3-2,out,3,01
Y,00:00:00:100:0,swarm4,4-1,out,0,01
Y,00:00:00:100:0,swarm4,4-2,out,3,01
Y,00:00:00:100:0,swarm4,4-3,out,3,01
Y,00:00:00:200:0,swarm4,1-2,out,2,01
Y,00:00:00:200:0,swarm4,1-3,out,0,01
Y,00:00:00:200:0,swarm4,1-5,out,0,01
Y,00:00:00:200:0,swarm4,1-6,out,1,01
Y,00:00:00:200:0,swarm4,2-1,out,3,01
Y,00:00:00:200:0,swarm4,2-2,out,3,01
Y,00:00:00:200:0,swarm4,2-3,out,3,01
Y,00:00:00:200:0,swarm4,3-2,out,0,01
Y,00:00:00:200:0,swarm4,3-3,out,3,01
Y,00:00:00:200:0,swarm4,4-3,out,0,01
Y,00:00:00:300:0,swarm4,1-1,out,2,01
Y,00:00:00:300:0,swarm4,1-2,out,0,01
Y,00:00:00:300:0,swarm4,1-3,out,3,01
Y,00:00:00:300:0,swarm4,1-6,out,0,01
Y,00:00:00:300:0,swarm4,1-7,out,1,01
Y,00:00:00:300:0,swarm4,2-3,out,0,01
Y,00:00:00:300:0,swarm4,3-2,out,3,01
Y,00:00:00:300:0,swarm4,4-2,out,0,01
Y,00:00:00:300:0,swarm4,4-3,out,3,01
Y,00:00:00:300:0,swarm4,5-3,out,0,01
Y,00:00:00:400:0,swarm4,1-1,out,5,01
Y,00:00:00:400:0,swarm4,1-2,out,3,01
Y,00:00:00:400:0,swarm4,1-3,out,2,01
Y,00:00:00:400:0,swarm4,1-7,out,0,01
Y,00:00:00:400:0,swarm4,1-8,out,1,01
Y,00:00:00:400:0,swarm4,2-2,out,0,01
Y,00:00:00:400:0,swarm4,2-3,out,3,01
Y,00:00:00:400:0,swarm4,3-3,out,0,01
Y,00:00:00:500:0,swarm4,1-1,out,0,01
Y,00:00:00:500:0,swarm4,1-2,out,2,01
Y,00:00:00:500:0,swarm4,1-8,out,0,01
Y,00:00:00:500:0,swarm4,1-9,out,1,01
Y,00:00:00:500:0,swarm4,2-2,out,3,01
Y,00:00:00:500:0,swarm4,3-2,out,0,01
Y,00:00:00:500:0,swarm4,3-3,out,3,01
Y,00:00:00:500:0,swarm4,4-3,out,0,01
Y,00:00:00:600:0,swarm4,1-1,out,2,01
Y,00:00:00:600:0,swarm4,1-2,out,0,01
Y,00:00:00:600:0,swarm4,1-9,out,0,01
Y,00:00:00:600:0,swarm4,1-10,out,1,01
Y,00:00:00:700:0,swarm4,1-1,out,5,01
Y,00:00:00:700:0,swarm4,1-2,out,2,01
Y,00:00:00:700:0,swarm4,1-3,out,0,01
Y,00:00:00:700:0,swarm4,1-10,out,0,01
Y,00:00:00:700:0,swarm4,1-11,out,1,01
Y,00:00:00:800:0,swarm4,1-3,out,3,01
Y,00:00:00:800:0,swarm4,1-11,out,0,01
Y,00:00:00:800:0,swarm4,1-12,out,1,01
Y,00:00:00:800:0,swarm4,2-2,out,5,01
Y,00:00:00:800:0,swarm4,2-3,out,0,01
Y,00:00:00:900:0,swarm4,1-3,out,2,01
Y,00:00:00:900:0,swarm4,1-12,out,0,01
Y,00:00:00:900:0,swarm4,1-13,out,1,01
Y,00:00:00:900:0,swarm4,2-3,out,3,01
Y,00:00:00:900:0,swarm4,3-3,out,5,01
Y,00:00:01:000:0,swarm4,1-13,out,0,01
Y,00:00:01:000:0,swarm4,1-14,out,1,01
Y,00:00:01:000:0,swarm4,3-3,out,0,01
Y,00:00:01:000:0,swarm4,4-4,out,5,01
Y,00:00:01:100:0,swarm4,1-14,out,0,01
Y,00:00:01:100:0,swarm4,1-15,out,1,01
Y,00:00:01:100:0,swarm4,2-2,out,0,01
Y,00:00:01:100:0,swarm4,3-3,out,5,01
Y,00:00:01:100:0,swarm4,4-4,out,0,01
Y,00:00:01:100:0,swarm4,5-5,out,5,01
Y,00:00:01:200:0,swarm4,1-1,out,0,01
Y,00:00:01:200:0,swarm4,1-15,out,0,01
Y,00:00:01:200:0,swarm4,1-16,out,1,01
Y,00:00:01:200:0,swarm4,2-2,out,5,01
Y,00:00:01:200:0,swarm4,3-3,out,0,01
Y,00:00:01:200:0,swarm4,4-4,out,5,01
Y,00:00:01:200:0,swarm4,5-5,out,0,01
Y,00:00:01:200:0,swarm4,6-6,out,5,01
Y,00:00:01:300:0,swarm4,1-1,out,2,01
Y,00:00:01:300:0,swarm4,1-2,out,0,01
Y,00:00:01:300:0,swarm4,1-16,out,0,01
Y,00:00:01:300:0,swarm4,1-17,out,1,01
Y,00:00:01:300:0,swarm4,2-2,out,0,01
Y,00:00:01:300:0,swarm4,3-3,out,5,01
Y,00:00:01:300:0,swarm4,4-4,out,0,01
Y,00:00:01:300:0,swarm4,5-5,out,5,01
Y,00:00:01:300:0,swarm4,6-6,out,0,01
Y,00:00:01:300:0,swarm4,7-7,out,5,01
Y,00:00:01:400:0,swarm4,1-1,out,5,01
Y,00:00:01:400:0,swarm4,1-2,out,2,01
Y,00:00:01:400:0,swarm4,1-3,out,0,01
Y,00:00:01:400:0,swarm4,1-17,out,0,01
Y,00:00:01:400:0,swarm4,1-18,out,1,01
Y,00:00:01:400:0,swarm4,3-3,out,0,01
Y,00:00:01:400:0,swarm4,4-4,out,5,01
Y,00:00:01:400:0,swarm4,5-5,out,0,01
Y,00:00:01:400:0,swarm4,6-6,out,5,01
Y,00:00:01:400:0,swarm4,7-7,out,0,01
Y,00:00:01:400:0,swarm4,8-8,out,5,01
Y,00:00:01:500:0,swarm4,1-1,out,0,01
Y,00:00:01:500:0,swarm4,1-3,out,3,01
Y,00:00:01:500:0,swarm4,1-18,out,0,01
Y,00:00:01:500:0,swarm4,1-19,out,1,01
Y,00:00:01:500:0,swarm4,2-2,out,5,01
Y,00:00:01:500:0,swarm4,2-3,out,0,01
Y,00:00:01:500:0,swarm4,4-4,out,0,01
Y,00:00:01:500:0,swarm4,5-5,out,5,01
Y,00:00:01:500:0,swarm4,6-6,out,0,01
Y,00:00:01:500:0,swarm4,7-7,out,5,01
Y,00:00:01:500:0,swarm4,8-8,out,0,01
Y,00:00:01:500:0,swarm4,9-9,out,5,01
Y,00:00:01:600:0,swarm4,1-1,out,2,01
Y,00:00:01:600:0,swarm4,1-2,out,0,01
Y,00:00:01:600:0,swarm4,1-3,out,2,01
Y,00:00:01:600:0,swarm4,1-19,out,0,01
Y,00:00:01:600:0,swarm4,1-20,out,1,01
Y,00:00:01:600:0,swarm4,2-2,out,0,01
Y,00:00:01:600:0,swarm4,3-3,out,5,01
Y,00:00:01:600:0,swarm4,5-5,out,0,01
Y,00:00:01:600:0,swarm4,6-6,out,5,01
Y,00:00:01:600:0,swarm4,7-7,out,0,01
Y,00:00:01:600:0,swarm4,8-8,out,5,01
Y,00:00:01:600:0,swarm4,9-9,out,0,01
Y,00:00:01:600:0,swarm4,10-10,out,5,01
Y,00:00:01:700:0,swarm4,1-1,out,5,01
Y,00:00:01:700:0,swarm4,1-2,out,2,01
Y,00:00:01:700:0,swarm4,1-3,out,0,01
Y,00:00:01:700:0,swarm4,1-20,out,0,01
Y,00:00:01:700:0,swarm4,1-21,out,1,01
Y,00:00:01:700:0,swarm4,3-3,out,0,01
Y,00:00:01:700:0,swarm4,4-4,out,5,01
Y,00:00:01:700:0,swarm4,6-6,out,0,01
Y,00:00:01:700:0,swarm4,7-7,out,5,01
Y,00:00:01:700:0,swarm4,8-8,out,0,01
Y,00:00:01:700:0,swarm4,9-9,out,5,01
Y,00:00:01:700:0,swarm4,10-10,out,0,01
Y,00:00:01:700:0,swarm4,11-11,out,5,01
Y,00:00:01:800:0,swarm4,1-1,out,0,01
Y,00:00:01:800:0,swarm4,1-21,out,0,01
Y,00:00:01:800:0,swarm4,1-22,out,1,01
Y,00:00:01:800:0,swarm4,2-2,out,5,01
Y,00:00:01:800:0,swarm4,4-4,out,0,01
Y,00:00:01:800:0,swarm4,5-5,out,5,01
Y,00:00:01:800:0,swarm4,7-7,out,0,01
Y,00:00:01:800:0,swarm4,8-8,out,5,01
Y,00:00:01:800:0,swarm4,9-9,out,0,01
Y,00:00:01:800:0,swarm4,10-10,out,5,01
Y,00:00:01:800:0,swarm4,11-11,out,0,01
Y,00:00:01:800:0,swarm4,12-12,out,5,01
Y,00:00:01:900:0,swarm4,1-1,out,2,01
Y,00:00:01:900:0,swarm4,1-2,out,0,01
Y,00:00:01:900:0,swarm4,1-22,out,0,01
Y,00:00:01:900:0,swarm4,1-23,out,1,01
Y,00:00:01:900:0,swarm4,2-2,out,0,01
Y,00:00:01:900:0,swarm4,3-3,out,5,01
Y,00:00:01:900:0,swarm4,5-5,out,0,01
Y,00:00:01:900:0,swarm4,6-6,out,5,01
Y,00:00:01:900:0,swarm4,8-8,out,0,01
Y,00:00:01:900:0,swarm4,9-9,out,5,01
Y,00:00:01:900:0,swarm4,10-10,out,0,01
Y,00:00:01:900:0,swarm4,11-11,out,5,01
Y,00:00:01:900:0,swarm4,12-12,out,0,01
Y,00:00:01:900:0,swarm4,13-13,out,5,01
Y,00:00:02:000:0,swarm4,1-1,out,5,01
Y,00:00:02:000:0,swarm4,1-23,out,0,01
Y,00:00:02:000:0,swarm4,1-24,out,1,01
Y,00:00:02:000:0,swarm4,3-3,out,0,01
Y,00:00:02:000:0,swarm4,4-4,out,5,01
Y,00:00:02:000:0,swarm4,6-6,out,0,01
Y,00:00:02:000:0,swarm4,7-7,out,5,01
Y,00:00:02:000:0,swarm4,9-9,out,0,01
Y,00:00:02:000:0,swarm4,10-10,out,5,01
Y,00:00:02:000:0,swarm4,11-11,out,0,01
Y,00:00:02:000:0,swarm4,12-12,out,5,01
Y,00:00:02:000:0,swarm4,13-13,out,0,01
Y,00:00:02:000:0,swarm4,14-14,out,5,01
Y,00:00:02:100:0,swarm4,1-1,out,0,01
Y,00:00:02:100:0,swarm4,1-24,out,0,01
Y,00:00:02:100:0,swarm4,1-25,out,1,01
Y,00:00:02:100:0,swarm4,2-2,out,5,01
Y,00:00:02:100:0,swarm4,4-4,out,0,01
Y,00:00:02:100:0,swarm4,5-5,out,5,01
Y,00:00:02:100:0,swarm4,7-7,out,0,01
Y,00:00:02:100:0,swarm4,8-8,out,5,01
Y,00:00:02:100:0,swarm4,10-10,out,0,01
Y,00:00:02:100:0,swarm4,11-11,out,5,01
Y,00:00:02:100:0,swarm4,12-12,out,0,01
Y,00:00:02:100:0,swarm4,13-13,out,5,01
Y,00:00:02:100:0,swarm4,14-14,out,0,01
Y,00:00:02:100:0,swarm4,15-15,out,5,01
Y,00:00:02:200:0,swarm4,1-1,out,3,01
Y,00:00:02:200:0,swarm4,1-25,out,0,01
Y,00:00:02:200:0,swarm4,1-26,out,1,01
Y,00:00:02:200:0,swarm4,2-1,out,0,01
Y,00:00:02:200:0,swarm4,2-2,out,0,01
Y,00:00:02:200:0,swarm4,3-3,out,5,01
Y,00:00:02:200:0,swarm4,5-5,out,0,01
Y,00:00:02:200:0,swarm4,6-6,out,5,01
Y,00:00:02:200:0,swarm4,8-8,out,0,01
Y,00:00:02:200:0,swarm4,9-9,out,5,01
Y,00:00:02:200:0,swarm4,11-11,out,0,01
Y,00:00:02:200:0,swarm4,12-12,out,5,01
Y,00:00:02:200:0,swarm4,13-13,out,0,01
Y,00:00:02:200:0,swarm4,14-14,out,5,01
Y,00:00:02:200:0,swarm4,15-15,out,0,01
Y,00:00:02:200:0,swarm4,16-16,out,5,01
Y,00:00:02:300:0,swarm4,1-1,out,5,01
Y,00:00:02:300:0,swarm4,1-26,out,0,01
Y,00:00:02:300:0,swarm4,1-27,out,1,01
Y,00:00:02:300:0,swarm4,2-1,out,3,01
Y,00:00:02:300:0,swarm4,3-1,out,0,01
Y,00:00:02:300:0,swarm4,3-3,out,0,01
Y,00:00:02:300:0,swarm4,4-4,out,5,01
Y,00:00:02:300:0,swarm4,6-6,out,0,01
Y,00:00:02:300:0,swarm4,7-7,out,5,01
Y,00:00:02:300:0,swarm4,9-9,out,0,01
Y,00:00:02:300:0,swarm4,10-10,out,5,01
Y,00:00:02:300:0,swarm4,12-12,out,0,01
Y,00:00:02:300:0,swarm4,13-13,out,5,01
Y,00:00:02:300:0,swarm4,14-14,out,0,01
Y,00:00:02:300:0,swarm4,15-15,out,5,01
Y,00:00:02:300:0,swarm4,16-16,out,0,01
Y,00:00:02:300:0,swarm4,17-17,out,5,01
Y,00:00:02:400:0,swarm4,1-1,out,0,01
Y,00:00:02:400:0,swarm4,1-27,out,0,01
Y,00:00:02:400:0,swarm4,1-28,out,1,01
Y,00:00:02:400:0,swarm4,2-2,out,5,01
Y,00:00:02:400:0,swarm4,4-4,out,0,01
Y,00:00:02:400:0,swarm4,5-5,out,5,01
Y,00:00:02:400:0,swarm4,7-7,out,0,01
Y,00:00:02:400:0,swarm4,8-8,out,5,01
Y,00:00:02:400:0,swarm4,10-10,out,0,01
Y,00:00:02:400:0,swarm4,11-11,out,5,01
Y,00:00:02:400:0,swarm4,13-13,out,0,01
Y,00:00:02:400:0,swarm4,14-14,out,5,01
Y,00:00:02:400:0,swarm4,15-15,out,0,01
Y,00:00:02:400:0,swarm4,16-16,out,5,01
Y,00:00:02:400:0,swarm4,17-17,out,0,01
Y,00:00:02:400:0,swarm4,18-18,out,5,01
Y,00:00:02:500:0,swarm4,1-1,out,3,01
Y,00:00:02:500:0,swarm4,1-28,out,3,01
Y,00:00:02:500:0,swarm4,2-1,out,0,01
Y,00:00:02:500:0,swarm4,2-2,out,0,01
Y,00:00:02:500:0,swarm4,3-3,out,5,01
Y,00:00:02:500:0,swarm4,5-5,out,0,01
Y,00:00:02:500:0,swarm4,6-6,out,5,01
Y,00:00:02:500:0,swarm4,8-8,out,0,01
Y,00:00:02:500:0,swarm4,9-9,out,5,01
Y,00:00:02:500:0,swarm4,11-11,out,0,01
Y,00:00:02:500:0,swarm4,12-12,out,5,01
Y,00:00:02:500:0,swarm4,14-14,out,0,01
Y,00:00:02:500:0,swarm4,15-15,out,5,01
Y,00:00:02:500:0,swarm4,16-16,out,0,01
Y,00:00:02:500:0,swarm4,17-17,out,5,01
Y,00:00:02:500:0,swarm4,18-18,out,0,01
Y,00:00:02:500:0,swarm4,19-19,out,5,01
Y,00:00:02:600:0,swarm4,1-1,out,5,01
Y,00:00:02:600:0,swarm4,3-3,out,0,01
Y,00:00:02:600:0,swarm4,4-4,out,5,01
Y,00:00:02:600:0,swarm4,6-6,out,0,01
Y,00:00:02:600:0,swarm4,7-7,out,5,01
Y,00:00:02:600:0,swarm4,9-9,out,0,01
Y,00:00:02:600:0,swarm4,10-10,out,5,01
Y,00:00:02:600:0,swarm4,12-12,out,0,01
Y,00:00:02:600:0,swarm4,13-13,out,5,01
Y,00:00:02:600:0,swarm4,15-15,out,0,01
Y,00:00:02:600:0,swarm4,16-16,out,5,01
Y,00:00:02:600:0,swarm4,17-17,out,0,01
Y,00:00:02:600:0,swarm4,18-18,out,5,01
Y,00:00:02:600:0,swarm4,19-19,out,0,01
Y,00:00:02:600:0,swarm4,20-20,out,5,01
Y,00:00:02:700:0,swarm4,1-1,out,0,01
Y,00:00:02:700:0,swarm4,2-2,out,5,01
Y,00:00:02:700:0,swarm4,4-4,out,0,01
Y,00:00:02:700:0,swarm4,5-5,out,5,01
Y,00:00:02:700:0,swarm4,7-7,out,0,01
Y,00:00:02:700:0,swarm4,8-8,out,5,01
Y,00:00:02:700:0,swarm4,10-10,out,0,01
Y,00:00:02:700:0,swarm4,11-11,out,5,01
Y,00:00:02:700:0,swarm4,13-13,out,0,01
Y,00:00:02:700:0,swarm4,14-14,out,5,01
Y,00:00:02:700:0,swarm4,16-16,out,0,01
Y,00:00:02:700:0,swarm4,17-17,out,5,01
Y,00:00:02:700:0,swarm4,18-18,out,0,01
Y,00:00:02:700:0,swarm4,19-19,out,5,01
Y,00:00:02:700:0,swarm4,20-20,out,0,01
Y,00:00:02:700:0,swarm4,21-21,out,5,01
Y,00:00:02:800:0,swarm4,2-2,out,0,01
Y,00:00:02:800:0,swarm4,3-3,out,5,01
Y,00:00:02:800:0,swarm4,5-5,out,0,01
Y,00:00:02:800:0,swarm4,6-6,out,5,01
Y,00:00:02:800:0,swarm4,8-8,out,0,01
Y,00:00:02:800:0,swarm4,9-9,out,5,01
Y,00:00:02:800:0,swarm4,11-11,out,0,01
Y,00:00:02:800:0,swarm4,12-12,out,5,01
Y,00:00:02:800:0,swarm4,14-14,out,0,01
Y,00:00:02:800:0,swarm4,15-15,out,5,01
Y,00:00:02:800:0,swarm4,17-17,out,0,01
Y,00:00:02:800:0,swarm4,18-18,out,5,01
Y,00:00:02:800:0,swarm4,19-19,out,0,01
Y,00:00:02:800:0,swarm4,20-20,out,5,01
Y,00:00:02:800:0,swarm4,21-21,out,0,01
Y,00:00:02:800:0,swarm4,22-22,out,5,01
Y,00:00:02:900:0,swarm4,3-3,out,0,01
Y,00:00:02:900:0,swarm4,4-4,out,5,01
Y,00:00:02:900:0,swarm4,6-6,out,0,01
Y,00:00:02:900:0,swarm4,7-7,out,5,01
Y,00:00:02:900:0,swarm4,9-9,out,0,01
Y,00:00:02:900:0,swarm4,10-10,out,5,01
Y,00:00:02:900:0,swarm4,12-12,out,0,01
Y,00:00:02:900:0,swarm4,13-13,out,5,01
Y,00:00:02:900:0,swarm4,15-15,out,0,01
Y,00:00:02:900:0,swarm4,16-16,out,5,01
Y,00:00:02:900:0,swarm4,18-18,out,0,01
Y,00:00:02:900:0,swarm4,19-19,out,5,01
Y,00:00:02:900:0,swarm4,20-20,out,0,01
Y,00:00:02:900:0,swarm4,21-21,out,5,01
Y,00:00:02:900:0,swarm4,22-22,out,0,01
Y,00:00:02:900:0,swarm4,23-23,out,5,01
Y,00:00:03:000:0,swarm4,4-4,out,0,01
Y,00:00:03:000:0,swarm4,5-5,out,5,01
Y,00:00:03:000:0,swarm4,7-7,out,0,01
Y,00:00:03:000:0,swarm4,8-8,out,5,01
Y,00:00:03:000:0,swarm4,10-10,out,0,01
Y,00:00:03:000:0,swarm4,11-11,out,5,01
Y,00:00:03:000:0,swarm4,13-13,out,0,01
Y,00:00:03:000:0,swarm4,14-14,out,5,01
Y,00:00:03:000:0,swarm4,16-16,out,0,01
Y,00:00:03:000:0,swarm4,17-17,out,5,01
Y,00:00:03:000:0,swarm4,19-19,out,0,01
Y,00:00:03:000:0,swarm4,20-20,out,5,01
Y,00:00:03:000:0,swarm4,21-21,out,0,01
Y,00:00:03:000:0,swarm4,22-22,out,5,01
Y,00:00:03:000:0,swarm4,23-23,out,0,01
Y,00:00:03:000:0,swarm4,24-24,out,5,01
Y,00:00:03:100:0,swarm4,5-5,out,0,01
Y,00:00:03:100:0,swarm4,6-6,out,5,01
Y,00:00:03:100:0,swarm4,8-8,out,0,01
Y,00:00:03:100:0,swarm4,9-9,out,5,01
Y,00:00:03:100:0,swarm4,11-11,out,0,01
Y,00:00:03:100:0,swarm4,12-12,out,5,01
Y,00:00:03:100:0,swarm4,14-14,out,0,01
Y,00:00:03:100:0,swarm4,15-15,out,5,01
Y,00:00:03:100:0,swarm4,17-17,out,0,01
Y,00:00:03:100:0,swarm4,18-18,out,5,01
Y,00:00:03:100:0,swarm4,20-20,out,0,01
Y,00:00:03:100:0,swarm4,21-21,out,5,01
Y,00:00:03:100:0,swarm4,22-22,out,0,01
Y,00:00:03:100:0,swarm4,23-23,out,5,01
Y,00:00:03:100:0,swarm4,24-24,out,0,01
Y,00:00:03:100:0,swarm4,25-25,out,5,01
Y,00:00:03:200:0,swarm4,6-6,out,0,01
Y,00:00:03:200:0,swarm4,7-7,out,5,01
Y,00:00:03:200:0,swarm4,9-9,out,0,01
Y,00:00:03:200:0,swarm4,10-10,out,5,01
Y,00:00:03:200:0,swarm4,12-12,out,0,01
Y,00:00:03:200:0,swarm4,13-13,out,5,01
Y,00:00:03:200:0,swarm4,15-15,out,0,01
Y,00:00:03:200:0,swarm4,16-16,out,5,01
Y,00:00:03:200:0,swarm4,18-18,out,0,01
Y,00:00:03:200:0,swarm4,19-19,out,5,01
Y,00:00:03:200:0,swarm4,21-21,out,0,01
Y,00:00:03:200:0,swarm4,22-22,out,5,01
Y,00:00:03:200:0,swarm4,23-23,out,0,01
Y,00:00:03:200:0,swarm4,24-24,out,5,01
Y,00:00:03:200:0,swarm4,25-25,out,0,01
Y,00:00:03:200:0,swarm4,26-26,out,5,01
Y,00:00:03:300:0,swarm4,7-7,out,0,01
Y,00:00:03:300:0,swarm4,8-8,out,5,01
Y,00:00:03:300:0,swarm4,10-10,out,0,01
Y,00:00:03:300:0,swarm4,11-11,out,5,01
Y,00:00:03:300:0,swarm4,13-13,out,0,01
Y,00:00:03:300:0,swarm4,14-14,out,5,01
Y,00:00:03:300:0,swarm4,16-16,out,0,01
Y,00:00:03:300:0,swarm4,17-17,out,5,01
Y,00:00:03:300:0,swarm4,19-19,out,0,01
Y,00:00:03:300:0,swarm4,20-20,out,5,01
Y,00:00:03:300:0,swarm4,22-22,out,0,01
Y,00:00:03:300:0,swarm4,23-23,out,5,01
Y,00:00:03:300:0,swarm4,24-24,out,0,01
Y,00:00:03:300:0,swarm4,25-25,out,5,01
Y,00:00:03:300:0,swarm4,26-26,out,0,01
Y,00:00:03:300:0,swarm4,27-27,out,5,01
Y,00:00:03:400:0,swarm4,8-8,out,0,01
Y,00:00:03:400:0,swarm4,9-9,out,5,01
Y,00:00:03:400:0,swarm4,11-11,out,0,01
Y,00:00:03:400:0,swarm4,12-12,out,5,01
Y,00:00:03:400:0,swarm4,14-14,out,0,01
Y,00:00:03:400:0,swarm4,15-15,out,5,01
Y,00:00:03:400:0,swarm4,17-17,out,0,01
Y,00:00:03:400:0,swarm4,18-18,out,5,01
Y,00:00:03:400:0,swarm4,20-20,out,0,01
Y,00:00:03:400:0,swarm4,21-21,out,5,01
Y,00:00:03:400:0,swarm4,23-23,out,0,01
Y,00:00:03:400:0,swarm4,24-24,out,5,01
Y,00:00:03:400:0,swarm4,25-25,out,0,01
Y,00:00:03:400:0,swarm4,26-26,out,5,01
Y,00:00:03:400:0,swarm4,27-27,out,0,01
Y,00:00:03:400:0,swarm4,28-28,out,5,01
Y,00:00:03:500:0,swarm4,9-9,out,0,01
Y,00:00:03:500:0,swarm4,10-10,out,5,01
Y,00:00:03:500:0,swarm4,12-12,out,0,01
Y,00:00:03:500:0,swarm4,13-13,out,5,01
Y,00:00:03:500:0,swarm4,15-15,out,0,01
Y,00:00:03:500:0,swarm4,16-16,out,5,01
Y,00:00:03:500:0,swarm4,18-18,out,0,01
Y,00:00:03:500:0,swarm4,19-19,out,5,01
Y,00:00:03:500:0,swarm4,21-21,out,0,01
Y,00:00:03:500:0,swarm4,22-22,out,5,01
Y,00:00:03:500:0,swarm4,24-24,out,0,01
Y,00:00:03:500:0,swarm4,25-25,out,5,01
Y,00:00:03:500:0,swarm4,26-26,out,0,01
Y,00:00:03:500:0,swarm4,27-27,out,5,01
Y,00:00:03:500:0,swarm4,28-28,out,0,01
Y,00:00:03:600:0,swarm4,10-10,out,0,01
Y,00:00:03:600:0,swarm4,11-11,out,5,01
Y,00:00:03:600:0,swarm4,13-13,out,0,01
Y,00:00:03:600:0,swarm4,14-14,out,5,01
Y,00:00:03:600:0,swarm4,16-16,out,0,01
Y,00:00:03:600:0,swarm4,17-17,out,5,01
Y,00:00:03:600:0,swarm4,19-19,out,0,01
Y,00:00:03:600:0,swarm4,20-20,out,5,01
Y,00:00:03:600:0,swarm4,22-22,out,0,01
Y,00:00:03:600:0,swarm4,23-23,out,5,01
Y,00:00:03:600:0,swarm4,25-25,out,0,01
Y,00:00:03:600:0,swarm4,26-26,out,5,01
Y,00:00:03:600:0,swarm4,27-27,out,0,01
Y,00:00:03:600:0,swarm4,28-28,out,5,01
Y,00:00:03:700:0,swarm4,11-11,out,0,01
Y,00:00:03:700:0,swarm4,12-12,out,5,01
Y,00:00:03:700:0,swarm4,14-14,out,0,01
Y,00:00:03:700:0,swarm4,15-15,out,5,01
Y,00:00:03:700:0,swarm4,17-17,out,0,01
Y,00:00:03:700:0,swarm4,18-18,out,5,01
Y,00:00:03:700:0,swarm4,20-20,out,0,01
Y,00:00:03:700:0,swarm4,21-21,out,5,01
Y,00:00:03:700:0,swarm4,23-23,out,0,01
Y,00:00:03:700:0,swarm4,24-24,out,5,01
Y,00:00:03:700:0,swarm4,26-26,out,0,01
Y,00:00:03:700:0,swarm4,27-27,out,5,01
Y,00:00:03:700:0,swarm4,28-28,out,0,01
Y,00:00:03:800:0,swarm4,12-12,out,0,01
Y,00:00:03:800:0,swarm4,13-13,out,5,01
Y,00:00:03:800:0,swarm4,15-15,out,0,01
Y,00:00:03:800:0,swarm4,16-16,out,5,01
Y,00:00:03:800:0,swarm4,18-18,out,0,01
Y,00:00:03:800:0,swarm4,19-19,out,5,01
Y,00:00:03:800:0,swarm4,21-21,out,0,01
Y,00:00:03:800:0,swarm4,22-22,out,5,01
Y,00:00:03:800:0,swarm4,24-24,out,0,01
Y,00:00:03:800:0,swarm4,25-25,out,5,01
Y,00:00:03:800:0,swarm4,27-27,out,0,01
Y,00:00:03:800:0,swarm4,28-28,out,5,01
Y,00:00:03:900:0,swarm4,13-13,out,0,01
Y,00:00:03:900:0,swarm4,14-14,out,5,01
Y,00:00:03:900:0,swarm4,16-16,out,0,01
Y,00:00:03:900:0,swarm4,17-17,out,5,01
Y,00:00:03:900:0,swarm4,19-19,out,0,01
Y,00:00:03:900:0,swarm4,20-20,out,5,01
Y,00:00:03:900:0,swarm4,22-22,out,0,01
Y,00:00:03:900:0,swarm4,23-23,out,5,01
Y,00:00:03:900:0,swarm4,25-25,out,0,01
Y,00:00:03:900:0,swarm4,26-26,out,5,01
Y,00:00:03:900:0,swarm4,28-28,out,0,01
Y,00:00:04:000:0,swarm4,14-14,out,0,01
Y,00:00:04:000:0,swarm4,15-15,out,5,01
Y,00:00:04:000:0,swarm4,17-17,out,0,01
Y,00:00:04:000:0,swarm4,18-18,out,5,01
Y,00:00:04:000:0,swarm4,20-20,out,0,01
Y,00:00:04:000:0,swarm4,21-21,out,5,01
Y,00:00:04:000:0,swarm4,23-23,out,0,01
Y,00:00:04:000:0,swarm4,24-24,out,5,01
Y,00:00:04:000:0,swarm4,26-26,out,0,01
Y,00:00:04:000:0,swarm4,27-27,out,5,01
Y,00:00:04:100:0,swarm4,15-15,out,0,01
Y,00:00:04:100:0,swarm4,16-16,out,5,01
Y,00:00:04:100:0,swarm4,18-18,out,0,01
Y,00:00:04:100:0,swarm4,19-19,out,5,01
Y,00:00:04:100:0,swarm4,21-21,out,0,01
Y,00:00:04:100:0,swarm4,22-22,out,5,01
Y,00:00:04:100:0,swarm4,24-24,out,0,01
Y,00:00:04:100:0,swarm4,25-25,out,5,01
Y,00:00:04:100:0,swarm4,27-27,out,0,01
Y,00:00:04:100:0,swarm4,28-28,out,5,01
Y,00:00:04:200:0,swarm4,16-16,out,0,01
Y,00:00:04:200:0,swarm4,17-17,out,5,01
Y,00:00:04:200:0,swarm4,19-19,out,0,01
Y,00:00:04:200:0,swarm4,20-20,out,5,01
Y,00:00:04:200:0,swarm4,22-22,out,0,01
Y,00:00:04:200:0,swarm4,23-23,out,5,01
Y,00:00:04:200:0,swarm4,25-25,out,0,01
Y,00:00:04:200:0,swarm4,26-26,out,5,01
Y,00:00:04:200:0,swarm4,28-28,out,0,01
Y,00:00:04:300:0,swarm4,17-17,out,0,01
Y,00:00:04:300:0,swarm4,18-18,out,5,01
Y,00:00:04:300:0,swarm4,20-20,out,0,01
Y,00:00:04:300:0,swarm4,21-21,out,5,01
Y,00:00:04:300:0,swarm4,23-23,out,0,01
Y,00:00:04:300:0,swarm4,24-24,out,5,01
Y,00:00:04:300:0,swarm4,26-26,out,0,01
Y,00:00:04:300:0,swarm4,27-27,out,5,01
Y,00:00:04:400:0,swarm4,18-18,out,0,01
Y,00:00:04:400:0,swarm4,19-19,out,5,01
Y,00:00:04:400:0,swarm4,21-21,out,0,01
Y,00:00:04:400:0,swarm4,22-22,out,5,01
Y,00:00:04:400:0,swarm4,24-24,out,0,01
Y,00:00:04:400:0,swarm4,25-25,out,5,01
Y,00:00:04:400:0,swarm4,27-27,out,0,01
Y,00:00:04:400:0,swarm4,28-28,out,5,01
Y,00:00:04:500:0,swarm4,19-19,out,0,01
Y,00:00:04:500:0,swarm4,20-20,out,5,01
Y,00:00:04:500:0,swarm4,22-22,out,0,01
Y,00:00:04:500:0,swarm4,23-23,out,5,01
Y,00:00:04:500:0,swarm4,25-25,out,0,01
Y,00:00:04:500:0,swarm4,26-26,out,5,01
Y,00:00:04:500:0,swarm4,28-28,out,0,01
Y,00:00:04:600:0,swarm4,20-20,out,0,01
Y,00:00:04:600:0,swarm4,21-21,out,5,01
Y,00:00:04:600:0,swarm4,23-23,out,0,01
Y,00:00:04:600:0,swarm4,24-24,out,5,01
Y,00:00:04:600:0,swarm4,26-26,out,0,01
Y,00:00:04:600:0,swarm4,27-27,out,5,01
Y,00:00:04:700:0,swarm4,21-21,out,0,01
Y,00:00:04:700:0,swarm4,22-22,out,5,01
Y,00:00:04:700:0,swarm4,24-24,out,0,01
Y,00:00:04:700:0,swarm4,25-25,out,5,01
Y,00:00:04:700:0,swarm4,27-27,out,0,01
Y,00:00:04:700:0,swarm4,28-28,out,5,01
Y,00:00:04:800:0,swarm4,22-22,out,0,01
Y,00:00:04:800:0,swarm4,23-23,out,5,01
Y,00:00:04:800:0,swarm4,25-25,out,0,01
Y,00:00:04:800:0,swarm4,26-26,out,5,01
Y,00:00:04:800:0,swarm4,28-28,out,0,01
Y,00:00:04:900:0,swarm4,23-23,out,0,01
Y,00:00:04:900:0,swarm4,24-24,out,5,01
Y,00:00:04:900:0,swarm4,26-26,out,0,01
Y,00:00:04:900:0,swarm4,27-27,out,5,01
Y,00:00:05:000:0,swarm4,24-24,out,0,01
Y,00:00:05:000:0,swarm4,25-25,out,5,01
Y,00:00:05:000:0,swarm4,27-27,out,0,01
Y,00:00:05:000:0,swarm4,28-28,out,5,01
Y,00:00:05:100:0,swarm4,25-25,out,0,01
Y,00:00:05:100:0,swarm4,26-26,out,5,01
Y,00:00:05:100:0,swarm4,28-28,out,0,01
Y,00:00:05:200:0,swarm4,26-26,out,0,01
Y,00:00:05:200:0,swarm4,27-27,out,5,01
Y,00:00:05:300:0,swarm4,27-27,out,0,01
Y,00:00:05:300:0,swarm4,28-28,out,5,01
Y,00:00:05:400:0,swarm4,28-28,out,0,01
