{
	"basemap":	"openstreetmap",
	"view":	{
		"center":	[-75.7, 52.3],
		"zoom":	5
	},
	"layers":	[{
			"id":	"DA",
			"type":	"polygon",
			"file":	"DA_Ottawa.geojson",
			"label":	"Ottawa DA SIRD",
			"style":	"default",
			"model":	"pandemic",
			"join":	"dauid"
		}],
	"simulation":	[{
			"name":	"Susceptible",
			"layer":	"DA",
			"fill":	{
				"type":	"quantile",
				"property":	"susceptible",
				"colors":	["rgba(215,48,39,0.85)", "rgba(244,109,67,0.85)", "rgba(253,174,97,0.85)", "rgba(254,224,144,0.85)", "rgba(255,255,191,0.85)", "rgba(224,243,248,0.85)", "rgba(171,217,233,0.85)", "rgba(116,173,209,0.85)", "rgba(69,117,180,0.85)"]
			},
			"stroke":	{
				"type":	"static",
				"width":	1,
				"color":	"rgba(0,0,0,1)"
			}
		}, {
			"name":	"Infected",
			"layer":	"DA",
			"fill":	{
				"type":	"quantile",
				"property":	"infected",
				"colors":	["rgba(140,81,10,0.85)", "rgba(191,129,45,0.85)", "rgba(223,194,125,0.85)", "rgba(246,232,195,0.85)", "rgba(245,245,245,0.85)", "rgba(199,234,229,0.85)", "rgba(128,205,193,0.85)", "rgba(53,151,143,0.85)", "rgba(1,102,94,0.85)"]
			},
			"stroke":	{
				"type":	"static",
				"width":	1,
				"color":	"rgba(0,0,0,1)"
			}
		}, {
			"name":	"Recovered",
			"layer":	"DA",
			"fill":	{
				"type":	"quantile",
				"property":	"recovered",
				"colors":	["rgba(247,252,240,0.85)", "rgba(224,243,219,0.85)", "rgba(204,235,197,0.85)", "rgba(168,221,181,0.85)", "rgba(123,204,196,0.85)", "rgba(78,179,211,0.85)", "rgba(43,140,190,0.85)", "rgba(8,104,172,0.85)", "rgba(8,64,129,0.85)"]
			},
			"stroke":	{
				"type":	"static",
				"width":	1,
				"color":	"rgba(0,0,0,1)"
			}
		}]
}