{
    "simulation": {
        "i": 125,
        "selection": ["66-23-0", "70-57-0", "20-88-0"],
        "palette": {
            "fileName": "map.pal",
            "classes": [{
                    "i": 0,
                    "start": 99.5,
                    "end": 100.5,
                    "color": [255, 255, 255]
                }, {
                    "i": 1,
                    "start": 100.5,
                    "end": 101.5,
                    "color": [106, 208, 238]
                }, {
                    "i": 2,
                    "start": 101.5,
                    "end": 102.5,
                    "color": [19, 97, 134]
                }, {
                    "i": 3,
                    "start": 9.5,
                    "end": 10.5,
                    "color": [128, 128, 128]
                }, {
                    "i": 4,
                    "start": 10.5,
                    "end": 11.5,
                    "color": [96, 96, 96]
                }, {
                    "i": 5,
                    "start": 11.5,
                    "end": 12.5,
                    "color": [64, 64, 64]
                }, {
                    "i": 6,
                    "start": 19.5,
                    "end": 20.5,
                    "color": [0, 0, 255]
                }, {
                    "i": 7,
                    "start": 20.5,
                    "end": 21.5,
                    "color": [0, 0, 196]
                }, {
                    "i": 8,
                    "start": 21.5,
                    "end": 22.5,
                    "color": [0, 0, 132]
                }, {
                    "i": 9,
                    "start": 29.5,
                    "end": 30.5,
                    "color": [255, 0, 0]
                }, {
                    "i": 10,
                    "start": 30.5,
                    "end": 31.5,
                    "color": [196, 0, 0]
                }, {
                    "i": 11,
                    "start": 31.5,
                    "end": 32.5,
                    "color": [132, 0, 0]
                }, {
                    "i": 12,
                    "start": 39.5,
                    "end": 40.5,
                    "color": [0, 128, 0]
                }, {
                    "i": 13,
                    "start": 40.5,
                    "end": 41.5,
                    "color": [0, 96, 0]
                }, {
                    "i": 14,
                    "start": 41.5,
                    "end": 42.5,
                    "color": [0, 64, 0]
                }, {
                    "i": 15,
                    "start": 49.5,
                    "end": 50.5,
                    "color": [128, 128, 0]
                }, {
                    "i": 16,
                    "start": 50.5,
                    "end": 51.5,
                    "color": [96, 96, 0]
                }, {
                    "i": 17,
                    "start": 51.5,
                    "end": 52.5,
                    "color": [64, 64, 0]
                }, {
                    "i": 18,
                    "start": 59.5,
                    "end": 60.5,
                    "color": [128, 0, 0]
                }, {
                    "i": 19,
                    "start": 60.5,
                    "end": 61.5,
                    "color": [96, 0, 0]
                }, {
                    "i": 20,
                    "start": 61.5,
                    "end": 62.5,
                    "color": [64, 0, 0]
                }, {
                    "i": 21,
                    "start": 98.5,
                    "end": 99.5,
                    "color": [0, 0, 40]
                }, {
                    "i": 22,
                    "start": -9,
                    "end": 0.1,
                    "color": [81, 161, 236]
                }, {
                    "i": 23,
                    "start": 0.1,
                    "end": 0.2,
                    "color": [86, 143, 209]
                }, {
                    "i": 24,
                    "start": 0.2,
                    "end": 0.3,
                    "color": [91, 125, 183]
                }, {
                    "i": 25,
                    "start": 0.3,
                    "end": 0.4,
                    "color": [96, 107, 157]
                }, {
                    "i": 26,
                    "start": 0.4,
                    "end": 0.5,
                    "color": [101, 89, 131]
                }, {
                    "i": 27,
                    "start": 0.5,
                    "end": 0.6,
                    "color": [107, 71, 104]
                }, {
                    "i": 28,
                    "start": 0.6,
                    "end": 0.7,
                    "color": [112, 53, 78]
                }, {
                    "i": 29,
                    "start": 0.7,
                    "end": 0.8,
                    "color": [117, 35, 52]
                }, {
                    "i": 30,
                    "start": 0.8,
                    "end": 0.9,
                    "color": [122, 17, 26]
                }, {
                    "i": 31,
                    "start": 0.9,
                    "end": 9,
                    "color": [128, 0, 0]
                }
            ]
        }
    },
    "dashboard": [{
            "name": "Auto.Grid",
            "config": {
                "z": 0
            },
            "span": 1
        }, {
            "name": "Auto.Grid",
            "config": {
                "z": 1
            },
            "span": 1
        }, {
            "name": "Auto.StateChart",
            "config": {
                "z": [0],
                "tracked": [{"value":100},{"value":101},{"value":102}]
            },
            "span": 1
        }, {
            "name": "Auto.TransitionMap",
            "config": {
                "z": 0,
                "min": "#ffffff",
                "max": "#000000",
                "n": "15"
            },
            "span": 1
        }, {
            "name": "Auto.CellTrackChart",
            "config": {
                "type": "discrete"
            },
            "span": 4
        }
    ],
    "settings": {
        "fps": 50,
        "rowHeight": 300,
        "loop": true,
        "showGrid": false,
        "cache": 10
    },
    "control": {
        "collapsed": false
    }
}
